gene_symbol,retina_03,retina_04,retina_05,retina_06,retina_07,retina_08,retina_09,retina_10,retina_11,retina_12,retina_13,retina_14,retina_15,retina_16,retina_17,retina_18,retina_19,retina_20,retina_21,retina_22,retina_23
1700025G04RIK,True,False,False,False,False,False,False,False,False,False,False,False,False,False,False,False,False,False,False,False,False
2610017I09RIK,False,False,False,False,False,False,False,False,False,False,False,True,False,False,False,False,False,False,False,False,True
2900011O08RIK,False,False,True,True,True,True,False,True,True,True,True,False,True,False,False,False,False,False,False,True,False
4833424O15RIK,False,False,True,False,False,True,False,True,False,False,False,True,False,False,False,False,False,False,False,False,False
4930447C04RIK,False,False,False,False,False,False,False,False,False,False,False,False,False,False,True,False,False,False,False,False,False
6330403K07RIK,False,False,True,True,False,True,False,True,False,False,True,True,False,False,False,False,False,False,False,False,False
6430548M08RIK,True,False,False,True,True,False,True,True,True,False,True,True,False,True,False,False,True,False,False,False,True
8430419L09RIK,False,False,True,False,False,False,False,False,False,False,False,False,False,False,False,False,False,False,False,False,False
A030009H04RIK,False,False,True,True,True,True,True,True,True,True,True,True,True,True,False,False,True,False,False,False,False
A830010M20RIK,True,False,False,False,False,False,False,False,False,False,False,False,True,False,False,False,False,False,False,False,False
A830036E02RIK,False,True,False,False,False,False,False,False,False,False,False,False,False,False,False,False,False,False,False,False,False
A930001A20RIK,False,False,False,False,False,False,False,False,False,False,False,False,True,False,False,False,False,False,False,False,False
ABAT,False,False,False,False,False,False,False,False,False,False,True,False,False,False,False,False,True,False,False,False,False
ACOT7,False,False,False,False,False,True,False,False,False,False,False,True,False,False,False,False,False,False,False,False,False
ADARB1,False,False,False,True,True,False,True,False,True,True,False,False,False,False,False,False,False,False,False,False,True
ADARB2,False,False,False,False,True,False,False,False,False,False,False,False,False,False,False,False,False,False,False,False,False
ADCY2,False,False,True,False,True,False,False,False,False,False,False,False,False,False,False,False,False,False,False,False,False
AGAP1,False,True,False,False,False,False,False,False,False,False,False,False,False,False,False,False,False,False,False,False,False
AI593442,False,True,True,False,True,True,True,False,False,False,True,False,False,False,False,False,False,False,False,False,False
AI848285,False,False,False,True,False,False,False,False,True,False,False,False,False,False,False,False,False,False,False,False,False
AIPL1,True,False,False,False,False,True,False,False,False,False,False,False,False,False,False,False,True,False,False,False,False
ALCAM,False,False,False,True,True,False,False,False,False,False,False,False,False,False,False,False,False,False,False,False,False
ALDOC,False,False,False,False,True,False,True,False,False,False,True,False,False,False,False,False,False,False,False,False,False
AMIGO2,True,False,False,False,False,False,False,False,False,False,False,True,False,False,False,False,False,False,False,False,False
ANK3,False,True,True,False,False,False,False,False,False,False,True,False,False,True,True,True,False,False,True,False,False
ANKS1B,False,False,False,False,False,False,False,False,False,False,False,True,False,True,False,False,False,False,False,False,False
APBA1,True,False,False,False,False,False,False,False,False,False,False,False,False,False,False,False,False,False,False,False,False
APC,False,False,False,False,False,False,False,False,False,True,False,False,False,False,False,False,False,False,True,False,True
APP,True,True,False,False,False,True,False,True,True,False,False,False,False,False,True,True,True,False,True,False,False
AQP6,False,False,False,False,False,False,False,False,False,False,False,False,False,False,False,False,True,False,False,False,False
ARHGAP20,False,False,False,False,False,False,True,False,False,False,False,True,False,False,False,True,False,False,False,False,False
ARHGAP24,False,False,False,False,True,False,False,False,False,False,False,False,False,False,False,False,False,False,False,False,False
ARHGEF9,False,False,False,False,True,False,False,False,False,False,False,False,False,False,False,False,False,False,False,False,False
ARL4C,True,False,False,True,True,False,False,False,False,False,False,False,False,False,False,False,False,False,False,False,False
ASAP1,False,False,False,True,True,False,False,False,False,False,False,False,False,False,False,False,False,False,False,False,False
ASPH,False,False,False,False,False,False,False,False,False,False,True,False,False,False,False,False,False,False,False,False,False
ATP1A1,False,False,True,False,False,False,False,False,False,False,False,False,False,False,False,False,False,False,False,False,False
ATP1B1,True,True,True,True,True,True,True,True,True,True,True,True,False,True,False,True,True,False,False,False,False
ATP2B1,False,False,False,False,False,False,True,False,False,False,False,True,False,False,False,False,False,False,False,False,False
ATP2B2,True,False,False,False,False,False,False,False,False,False,False,False,False,False,False,False,False,False,False,False,False
ATP2B4,False,False,False,False,False,False,True,False,False,False,False,False,False,False,False,False,False,False,False,False,False
ATP6V1D,False,False,False,False,True,False,False,False,False,False,False,False,False,False,False,False,False,False,False,False,False
ATP6V1E1,True,False,False,False,False,False,False,False,False,False,False,False,False,False,False,False,False,False,False,False,False
ATP6V1G2,False,False,False,True,True,False,False,False,True,False,True,False,False,True,False,False,True,False,False,False,False
ATPIF1,False,False,False,False,False,False,False,False,False,False,False,False,False,False,False,False,True,False,False,False,False
ATRNL1,False,False,True,False,False,False,False,False,False,False,False,False,False,False,False,False,False,False,False,False,False
AUTS2,False,True,False,True,True,False,False,False,True,False,False,True,False,False,False,False,False,False,False,False,False
B2M,False,False,True,False,False,False,False,False,False,False,False,False,False,False,False,False,False,False,False,False,False
BAI3,False,False,True,False,False,False,False,False,False,False,False,False,False,False,False,False,False,False,False,False,False
BASP1,True,True,True,True,True,True,True,True,True,True,True,True,False,False,False,False,True,True,False,True,True
BC048943,False,False,False,True,True,False,True,False,False,False,False,True,False,False,False,False,False,False,False,False,False
BEX1,False,False,False,False,False,False,False,True,False,False,False,False,False,False,False,False,False,False,False,False,False
BEX2,False,False,False,False,False,True,False,True,False,True,True,False,False,False,False,False,False,False,False,False,False
BHLHE22,False,False,True,True,True,False,False,False,False,False,False,False,False,False,False,False,False,False,False,False,False
BNIP3,False,False,False,False,False,False,False,False,False,False,False,False,False,True,False,False,False,False,False,False,False
BRINP1,False,False,True,False,False,False,False,False,False,False,False,False,False,False,False,False,False,False,False,False,False
C1QL1,False,False,True,True,True,True,True,False,False,False,False,True,False,False,False,False,False,False,False,False,False
C1QL2,False,False,True,False,True,True,True,False,False,False,False,True,False,False,False,False,False,False,False,False,True
CABP1,False,False,False,False,False,False,False,False,False,False,False,False,False,False,True,True,True,False,False,False,False
CACNA2D1,True,False,False,True,False,False,False,False,False,False,False,False,False,False,False,False,False,False,False,False,False
CACNA2D2,True,False,False,False,False,True,True,True,True,False,True,True,False,False,False,False,False,False,False,False,False
CACNB4,False,False,False,False,True,False,False,False,False,False,False,False,False,False,False,False,False,False,False,False,False
CACNG2,True,False,False,False,False,False,False,False,False,False,False,False,False,False,False,False,False,False,False,False,False
CACNG3,False,False,True,False,True,False,False,True,False,False,False,False,False,True,True,False,False,False,False,False,False
CACNG4,False,False,False,True,True,True,False,True,False,True,False,False,True,False,False,False,False,True,False,True,True
CADM3,False,False,False,False,False,False,False,False,False,False,False,False,True,True,False,False,False,False,False,False,False
CALB1,True,False,True,False,False,False,False,False,False,False,False,False,False,True,False,False,False,False,False,False,False
CALB2,True,True,True,False,False,False,False,False,False,False,False,False,False,False,True,False,False,True,False,False,False
CALM1,True,True,False,False,False,False,False,False,False,False,True,False,True,True,False,False,False,False,False,False,False
CALM2,False,True,False,False,False,True,False,False,False,False,False,False,True,False,False,True,True,False,True,False,False
CALM3,False,False,False,False,False,True,True,False,False,False,False,False,False,False,False,False,False,False,False,False,False
CALN1,False,False,False,False,False,False,False,False,False,False,True,False,False,False,False,False,False,False,False,False,False
CALY,False,False,False,False,False,False,False,False,True,False,False,False,False,False,False,False,False,False,False,False,False
CAMK2A,True,False,False,False,False,False,False,False,False,False,False,False,False,False,False,False,True,False,False,False,False
CAMK2N1,True,False,False,False,False,False,False,False,False,False,False,False,True,False,True,True,True,False,True,False,False
CAMK4,False,False,False,False,False,False,False,False,False,False,False,True,False,False,False,False,False,False,False,False,False
CAMKV,False,False,False,False,False,False,False,False,False,False,True,True,False,True,True,False,True,False,False,False,False
CAPZA2,True,False,False,False,False,False,False,False,False,False,False,False,False,False,False,False,False,False,False,False,False
CAR2,False,False,False,False,False,False,False,False,False,False,False,False,False,True,False,False,False,False,False,False,False
CAR3,False,False,False,False,False,False,False,False,False,False,False,False,True,False,False,False,False,False,False,False,False
CAR8,False,False,False,False,False,False,False,False,False,False,False,True,False,False,False,False,False,False,False,False,False
CARTPT,False,False,False,False,False,False,False,True,False,False,False,True,False,False,False,False,False,False,False,False,False
CBFA2T3,False,False,False,False,False,False,False,False,False,False,False,False,False,False,False,False,False,False,False,False,True
CBLN1,False,False,False,False,False,False,False,False,False,False,True,False,False,False,False,False,False,False,False,False,False
CBLN2,False,False,False,False,False,True,True,True,False,True,True,False,False,False,False,False,False,False,False,False,False
CBLN4,False,False,False,False,False,False,False,True,False,False,False,False,False,False,False,False,False,False,False,False,False
CCDC88B,False,False,False,True,True,False,True,False,False,False,False,False,False,False,False,False,False,False,False,False,False
CCK,False,False,False,False,False,False,False,False,False,False,False,False,False,False,False,False,False,False,True,False,False
CCSAP,False,False,False,False,False,False,False,False,False,False,False,False,False,True,False,False,False,False,False,False,False
CD200,False,False,False,False,False,True,False,False,False,False,False,False,False,False,False,False,False,False,False,False,False
CD302,False,False,False,False,True,False,False,False,False,False,False,False,False,False,False,False,False,False,False,False,False
CD47,True,False,True,False,False,False,True,False,True,False,False,False,False,False,False,True,False,False,False,False,False
CDC42EP4,False,False,False,True,False,False,False,False,False,False,False,False,False,False,False,False,False,False,False,False,False
CDC7,False,False,False,False,False,False,False,False,False,False,False,False,True,False,False,False,False,False,False,False,False
CDH22,False,False,False,False,False,False,False,False,False,False,False,False,False,False,False,False,True,False,False,False,False
CDH4,False,False,True,False,False,False,False,False,False,False,False,False,False,False,False,False,False,False,False,False,False
CDK14,True,True,True,False,False,False,False,False,False,False,False,False,True,False,False,False,True,False,False,False,False
CDK5R1,False,False,True,True,False,True,False,False,False,False,False,False,False,False,False,False,False,False,False,False,False
CELF4,True,True,True,True,True,True,True,True,True,True,True,True,True,False,True,True,True,True,True,True,True
CERS5,False,False,False,True,True,False,False,False,False,False,False,False,False,False,False,False,False,False,False,False,False
CFL1,False,False,False,False,False,False,False,False,False,False,True,False,False,False,False,False,False,False,False,False,False
CHAT,True,False,False,False,False,False,False,False,False,False,False,False,False,False,False,False,False,False,False,False,False
CHD3,True,False,True,False,False,False,True,False,True,False,False,False,False,False,False,False,False,False,False,False,False
CHD5,False,False,False,False,False,False,False,True,False,False,False,False,False,False,False,False,False,False,False,False,False
CHGA,False,False,True,False,False,True,True,False,False,False,False,False,True,False,False,False,False,False,False,False,False
CHGB,True,False,True,False,False,False,True,False,False,False,False,False,False,False,False,False,False,False,False,False,False
CHN1,True,False,False,True,False,False,False,False,True,False,False,False,False,False,False,False,False,False,False,False,False
CHN2,False,False,False,False,False,False,False,False,True,False,False,False,False,False,False,True,True,False,True,False,False
CLMN,False,False,False,True,True,False,False,False,False,False,False,False,False,False,False,False,False,False,False,False,False
CLMP,False,False,True,False,False,False,True,False,False,False,True,False,False,False,False,False,False,False,False,False,False
CMIP,False,False,False,True,False,False,False,False,False,False,False,False,False,False,False,False,False,False,False,False,False
CMTM8,True,False,False,False,False,False,False,False,False,False,False,False,False,False,False,False,False,False,False,False,False
CNGA1,True,True,True,True,True,True,True,True,True,True,True,True,False,True,True,True,True,True,False,False,False
CNKSR2,False,False,False,False,False,False,False,False,False,False,False,True,False,False,False,False,False,False,False,False,False
CNTN6,False,False,False,False,False,False,False,False,False,False,False,False,False,False,False,False,False,False,True,False,False
CNTNAP2,True,False,False,False,False,False,False,False,False,False,False,False,False,False,False,False,False,False,False,False,False
COL12A1,False,False,False,False,False,False,False,False,False,False,False,False,False,False,False,True,False,False,False,False,False
COL23A1,False,False,False,False,False,False,True,False,False,False,False,True,False,False,False,False,False,False,False,False,False
COL25A1,True,True,False,False,False,False,False,False,False,False,False,False,False,False,False,False,False,False,False,False,False
COL6A1,False,False,False,True,False,False,False,False,False,False,False,False,False,False,False,False,False,False,False,False,False
CPLX2,True,False,True,True,True,True,False,False,False,False,False,False,False,False,False,False,False,False,False,False,False
CPLX3,False,False,False,False,False,False,True,False,False,False,True,True,False,True,True,False,False,False,False,False,False
CPNE5,False,False,False,False,True,True,False,False,False,False,False,False,False,False,False,False,False,False,False,False,False
CPNE6,False,False,False,False,True,False,True,False,False,False,False,False,False,False,False,False,False,False,False,False,False
CRABP1,False,False,False,False,False,False,False,False,False,False,True,False,False,False,True,False,False,False,True,False,False
CRHR2,False,False,True,False,False,False,False,False,False,False,False,False,False,False,False,False,False,False,False,False,False
CRMP1,False,False,False,False,False,False,False,False,False,False,False,False,False,False,True,False,False,False,False,False,False
CRYBB3,False,False,False,False,True,False,False,False,False,False,False,False,False,False,False,False,False,False,False,False,False
CST3,True,False,False,True,True,False,False,False,False,False,False,False,False,False,True,True,True,False,False,False,False
CTNNA2,False,False,False,False,False,False,False,False,False,False,False,True,False,False,False,False,False,False,False,False,False
CTNND2,False,False,False,True,True,False,False,False,False,False,False,False,False,False,False,False,False,False,False,False,False
CTSL,False,False,False,False,True,False,False,False,False,False,False,False,False,False,False,False,False,False,False,False,False
CTTNBP2,True,False,False,False,False,False,False,False,False,False,False,False,False,False,False,False,False,False,False,False,False
CX3CL1,False,False,False,True,False,False,False,False,False,False,False,False,False,False,False,False,False,False,False,False,False
CXCL14,True,True,True,True,True,True,False,False,False,False,False,False,False,False,False,False,False,False,False,False,False
CYFIP2,True,False,True,False,False,False,True,False,True,False,False,False,False,False,False,False,False,False,False,False,False
CYGB,True,True,False,False,False,False,False,False,True,False,True,True,False,False,False,False,False,False,False,False,False
D3BWG0562E,False,False,False,False,False,True,False,True,False,False,False,False,False,False,False,True,False,False,False,False,False
DAAM1,False,False,False,True,True,False,False,False,False,False,False,False,False,False,False,False,False,False,False,False,False
DAB1,False,False,False,False,False,False,False,False,False,False,False,False,False,True,True,False,False,False,False,False,False
DAPK1,True,False,False,True,True,False,False,False,False,False,False,False,False,False,False,False,False,False,False,False,False
DARC,False,False,False,False,False,False,False,False,False,False,False,False,False,True,False,False,False,False,False,False,False
DCLK1,False,False,True,False,False,False,False,False,False,False,False,False,False,False,False,False,False,False,False,False,False
DDAH1,False,False,False,False,True,False,False,False,False,False,False,False,False,False,False,False,False,False,False,False,False
DHCR24,False,False,False,True,True,False,False,False,True,False,False,False,False,False,False,False,False,False,False,False,False
DIO2,False,False,True,False,False,False,False,False,False,False,False,False,False,False,False,False,False,False,False,False,False
DIRAS2,True,False,False,False,False,False,False,False,False,False,False,False,False,False,False,False,False,False,False,False,False
DKK3,False,False,False,True,True,False,False,False,True,False,True,False,False,False,False,False,False,False,False,False,True
DLG2,False,False,False,False,False,False,False,False,False,False,True,False,False,False,False,False,True,False,False,False,False
DLGAP1,True,False,True,True,True,False,True,True,True,False,True,False,False,True,False,False,False,False,False,False,False
DNER,False,True,False,False,True,True,False,False,True,False,True,False,False,True,False,False,False,False,False,False,False
DNM3,True,False,False,False,False,False,False,False,False,False,True,False,False,False,False,False,False,False,False,False,False
DPP6,False,False,True,False,False,False,True,False,True,False,True,True,False,True,True,False,True,False,False,True,False
DPYSL2,False,False,False,False,False,False,True,False,False,False,False,False,False,False,False,False,False,False,False,False,False
DPYSL4,False,False,True,True,True,False,False,False,False,True,False,False,False,False,False,False,False,False,False,False,False
DTNB,True,False,False,False,False,False,False,False,False,False,False,False,False,False,False,False,False,False,False,False,False
DTNBP1,False,False,True,True,True,True,True,False,False,False,True,False,False,False,False,False,False,False,False,False,False
DUSP26,False,False,False,True,False,False,False,False,True,True,False,False,False,False,False,False,False,False,False,False,False
DYNC1I1,False,False,False,False,False,False,False,False,True,False,False,False,False,True,False,False,False,False,False,False,False
E130218I03RIK,False,False,False,False,False,False,False,False,False,False,True,False,False,False,False,False,False,False,False,False,False
E530001K10RIK,False,False,False,False,False,False,False,False,False,False,False,True,False,False,False,False,False,False,False,False,False
EBF1,False,False,False,False,False,False,False,False,False,False,False,False,False,False,True,False,True,True,True,False,False
EBF3,False,False,False,False,False,False,False,False,False,False,False,False,False,False,True,False,False,True,False,False,False
ECE1,False,False,False,False,False,False,True,False,False,False,False,False,False,False,False,False,False,False,False,False,False
EDIL3,True,False,False,False,False,False,False,False,False,False,False,False,False,False,False,False,False,False,False,False,False
EEF1E1,False,False,False,False,False,False,True,False,False,False,False,False,False,False,False,False,False,False,False,False,False
EFR3A,False,False,False,False,False,False,False,False,False,False,False,True,False,False,False,False,False,False,False,False,False
EIF1B,False,False,False,False,False,False,False,False,False,False,False,False,False,True,False,False,False,False,False,False,False
ELAVL2,False,False,False,False,False,True,False,False,False,False,False,False,False,False,False,False,False,False,False,False,False
ELAVL3,True,True,True,True,True,True,True,True,True,True,True,True,True,True,True,True,True,True,True,True,True
ELAVL4,False,False,True,True,True,False,False,True,True,False,True,True,False,False,False,False,False,False,False,False,True
ELMO1,False,False,False,False,True,False,False,False,False,False,False,False,False,False,False,False,False,False,False,False,False
ELMOD1,True,False,False,False,False,False,False,False,False,False,False,False,False,False,False,False,False,False,False,False,False
ELOVL6,False,False,False,False,False,False,True,False,False,False,False,False,False,False,False,False,False,False,False,False,False
EPB4.1,False,False,False,False,False,True,False,False,False,False,False,False,False,False,False,False,False,False,False,False,False
EPB4.1L4A,False,False,True,False,False,True,True,False,False,False,True,True,False,False,False,False,False,False,False,False,False
ESPN,True,False,False,False,False,False,False,False,False,False,False,False,False,False,False,False,False,False,False,False,False
ESRRG,False,False,False,False,False,False,False,False,True,False,False,False,False,False,False,False,False,False,False,False,False
FABP3,False,False,False,False,False,False,True,False,True,False,False,False,False,False,False,False,False,False,False,False,False
FAIM2,False,False,False,True,False,False,False,False,False,False,False,False,False,False,False,False,False,False,False,False,False
FAM115A,True,False,False,True,False,False,True,True,False,False,False,False,False,False,False,False,False,False,False,False,False
FAM155A,False,False,False,True,True,False,False,False,False,False,False,False,False,False,False,False,False,False,False,False,False
FAM184B,True,False,False,False,False,False,False,False,False,False,False,False,False,False,False,False,False,False,False,False,False
FAM19A5,False,False,True,False,False,False,False,False,False,False,False,False,False,False,False,False,False,False,False,False,False
FAM49A,False,False,False,False,False,False,False,False,False,False,False,True,False,False,False,False,False,False,False,False,False
FAM49B,True,False,False,False,False,False,False,False,False,False,False,False,False,False,False,False,False,False,False,False,False
FAM57B,False,False,False,False,False,False,False,False,False,False,False,False,False,False,False,False,True,False,False,False,False
FBXO32,False,False,False,False,False,False,True,False,False,False,False,False,False,False,False,False,False,False,False,False,False
FBXW7,False,False,False,False,False,False,False,False,False,False,False,True,False,True,False,False,False,False,False,False,True
FEZ1,True,False,False,True,True,False,False,False,False,False,False,False,False,False,False,False,False,False,False,False,False
FGD6,False,False,False,True,True,False,False,False,False,False,False,False,False,False,False,False,False,False,False,False,False
FGF1,False,False,False,False,False,False,False,False,False,False,False,False,False,True,False,False,False,False,False,False,False
FGF10,False,False,False,False,False,False,False,False,False,False,True,False,False,False,False,False,False,False,False,False,False
FGF14,False,False,True,False,False,False,False,False,False,False,False,False,False,False,False,False,False,False,False,False,False
FILIP1L,False,False,True,True,True,False,True,False,False,False,False,False,False,False,True,False,False,False,False,False,False
FLRT3,False,False,True,False,False,False,False,False,False,False,False,False,False,False,False,False,False,False,False,False,False
FNBP1L,False,False,False,False,False,False,False,False,False,False,True,False,False,False,False,False,False,False,False,False,False
FRMD5,False,False,True,True,True,False,True,False,True,True,True,False,False,False,False,False,False,False,False,False,True
FRRS1L,False,False,False,False,True,False,False,False,False,False,False,False,False,False,False,False,True,False,False,False,False
FSCN1,False,False,False,True,False,False,False,False,False,False,False,False,False,False,False,False,False,False,False,False,False
FSTL5,False,False,False,False,False,True,False,False,False,False,False,False,False,True,True,False,False,False,False,False,False
FUT9,False,False,False,True,False,False,False,False,False,False,True,False,False,False,False,False,False,False,False,False,False
FXYD6,False,False,False,False,False,True,False,True,False,False,False,False,False,False,False,False,False,False,False,False,False
GABBR2,False,False,True,True,True,False,False,False,False,False,False,False,False,False,False,False,False,False,False,False,False
GABRA1,False,False,False,False,False,False,False,False,True,False,False,False,False,False,False,False,True,False,False,False,False
GABRA2,True,False,False,False,False,False,False,True,False,False,True,True,True,False,False,False,False,False,False,False,False
GABRA3,False,False,True,True,True,False,True,True,False,False,True,False,False,False,False,False,False,False,False,False,False
GABRA4,True,False,False,False,False,False,False,False,False,False,False,False,False,False,False,False,False,False,False,False,False
GABRB2,False,False,False,False,False,False,False,False,False,False,False,False,False,False,False,False,True,False,False,False,False
GABRB3,True,False,False,False,False,False,False,False,False,False,False,False,False,False,False,False,False,False,False,False,False
GABRD,True,False,False,False,False,False,False,False,False,False,False,False,False,False,False,False,False,False,False,False,False
GABRG2,False,False,False,False,False,False,True,True,True,False,False,False,False,False,False,False,True,False,False,False,False
GAD1,True,False,True,True,True,True,True,True,True,True,True,True,False,False,False,False,False,False,False,False,True
GAD2,False,False,True,True,True,True,False,True,True,False,True,False,False,False,False,False,False,False,False,False,True
GALNT15,True,False,False,False,False,False,False,False,False,False,False,False,False,False,False,False,False,False,False,False,False
GAP43,False,False,True,False,False,True,True,True,False,False,True,True,False,False,False,False,False,False,False,False,False
GAS6,False,False,False,False,False,False,False,False,False,False,False,False,False,False,True,False,False,False,False,False,False
GAS7,False,False,False,True,True,False,False,False,False,False,False,False,False,False,False,False,True,False,False,False,False
GBX2,False,True,False,False,False,False,False,False,False,False,False,False,False,False,False,False,False,False,False,False,False
GFRA1,False,False,False,False,False,False,False,False,True,False,False,False,False,False,False,False,False,False,False,False,False
GJC1,False,False,False,False,False,False,False,False,False,False,True,False,False,False,False,False,False,False,False,False,False
GJD2,False,False,False,False,False,False,False,False,False,False,False,False,False,True,False,False,False,False,False,False,False
GM1673,False,False,True,False,False,True,True,True,False,False,True,False,False,False,False,False,False,False,False,False,False
GM2694,False,False,False,False,False,False,False,False,False,False,True,False,False,False,False,False,False,False,False,False,False
GM27031,False,False,False,False,False,False,False,False,False,False,False,True,False,False,False,False,False,False,False,False,False
GNAL,False,False,False,False,False,False,False,False,False,False,False,False,False,False,False,False,False,False,True,False,False
GNAS,False,False,True,False,False,True,True,True,False,False,True,False,False,False,False,False,True,False,False,False,False
GNAT1,True,True,True,True,True,True,True,True,True,True,True,True,True,True,True,True,True,True,True,True,True
GNB1,True,True,True,True,True,True,True,True,True,True,True,True,True,True,True,True,True,True,False,True,True
GNG2,False,False,False,True,True,True,True,True,False,False,False,True,False,False,False,False,False,False,False,False,False
GNG3,True,False,True,True,True,True,True,True,True,True,True,True,True,False,False,False,True,True,False,True,True
GNG7,True,False,False,False,False,False,False,False,False,False,False,False,False,False,False,False,False,False,False,False,False
GNGT1,True,True,True,True,True,True,True,True,True,True,True,True,True,True,True,True,True,True,True,True,True
GPHN,False,False,False,False,False,False,False,False,False,False,False,False,True,False,False,False,False,False,False,False,False
GPM6A,True,True,True,True,False,True,False,True,True,True,False,False,False,False,True,True,True,False,True,True,False
GPR123,True,False,False,True,False,False,False,False,False,False,False,False,False,False,False,False,False,False,False,False,False
GPR22,False,False,False,False,False,False,False,False,False,False,False,True,False,False,False,False,False,False,False,False,False
GPRASP1,False,False,False,False,False,True,True,True,True,True,False,False,False,False,False,False,False,False,False,False,True
GPRASP2,False,False,False,False,False,True,False,False,False,False,False,False,False,False,False,False,False,False,False,False,False
GRIA1,False,False,False,False,False,False,False,False,False,False,False,False,False,False,False,False,False,False,False,True,False
GRIA2,True,True,True,True,True,True,False,True,True,True,True,False,True,True,False,True,True,True,True,True,True
GRIA3,True,False,True,False,False,True,True,True,False,False,True,True,True,True,False,False,True,False,False,False,False
GRIA4,False,True,True,True,False,True,False,True,True,False,True,False,False,True,True,True,False,False,False,False,False
GRIK2,False,False,False,False,False,False,False,False,False,False,True,False,False,False,False,False,False,False,True,False,False
GRIN2B,False,True,False,False,False,False,False,False,False,False,False,False,False,False,False,False,False,False,False,False,False
GRM1,False,False,False,False,False,False,False,True,False,False,True,True,False,False,False,False,False,False,False,False,False
GRM5,False,False,False,False,False,False,False,False,False,False,False,True,False,False,False,False,False,False,False,False,False
GSTO1,True,False,False,False,False,False,False,False,False,False,False,False,False,False,False,False,False,False,False,False,False
GUCY1A3,False,False,False,True,True,False,False,False,False,True,True,False,False,False,False,False,False,False,False,False,True
GUCY1B3,False,False,False,False,False,False,False,False,False,False,False,False,False,False,False,False,False,False,False,False,True
HABP4,False,False,False,False,False,False,True,False,False,False,False,False,False,False,False,False,False,False,False,False,False
HAP1,False,False,False,False,False,False,False,False,False,False,False,False,False,False,False,False,False,False,False,False,True
HBEGF,False,False,False,True,True,False,False,False,False,False,False,False,False,False,False,False,False,False,False,False,False
HECW1,True,False,False,False,False,False,False,False,False,False,False,False,False,False,False,False,False,False,False,False,False
HLF,True,True,False,False,False,False,False,True,False,False,False,False,True,False,False,False,False,False,False,False,False
HMGCS1,False,False,True,False,False,False,False,False,False,False,False,False,False,False,False,False,True,False,False,False,False
HMGN1,True,True,True,True,True,True,True,True,True,True,True,True,False,True,True,True,True,True,False,True,True
HOMER2,False,False,False,False,False,False,False,False,False,False,False,True,False,False,False,False,False,False,False,False,False
HPCA,False,False,False,True,True,False,False,False,False,False,False,False,False,False,True,True,False,False,True,False,False
HPCAL1,True,False,False,False,False,False,False,False,False,False,False,False,False,False,False,False,False,False,False,False,False
HPGD,False,False,False,False,False,False,False,False,False,False,True,False,True,False,False,False,False,False,False,False,True
HS6ST2,False,False,False,False,False,False,False,True,False,False,False,False,False,False,True,False,False,False,False,False,False
HSD17B12,False,False,False,False,False,False,True,False,False,False,False,False,False,False,False,False,True,False,False,False,True
HSP90AB1,False,False,False,False,False,True,True,False,False,False,True,False,False,False,False,False,False,False,False,False,False
HSPA12A,False,False,False,False,False,False,True,False,False,False,False,False,False,True,False,False,False,False,False,False,False
HUNK,False,False,True,True,True,False,False,False,False,False,False,False,False,False,False,False,False,False,False,False,False
ID4,True,False,False,True,True,False,True,False,True,False,False,True,False,False,False,False,False,False,False,False,False
IER5,False,False,False,False,False,False,False,False,False,False,False,False,False,False,True,False,False,False,False,False,False
IGF1,False,False,False,False,False,False,False,False,False,False,False,False,False,False,True,False,False,False,False,False,False
IGFBP2,False,False,False,False,False,False,True,False,False,False,False,False,False,False,False,False,False,False,False,False,False
IGFBP5,False,False,False,False,False,False,False,False,False,False,False,False,False,False,False,False,False,True,False,False,False
IGFBP7,True,True,False,False,False,False,False,False,False,False,False,False,False,False,False,False,False,False,False,False,False
IGSF8,False,False,True,True,False,False,False,False,False,False,False,False,False,False,False,False,False,False,False,False,False
IMPACT,False,False,False,False,False,True,True,True,False,False,True,True,False,False,False,False,False,False,False,False,True
INA,False,False,False,False,False,False,False,False,False,False,False,False,False,False,True,False,True,True,False,False,False
INPP4B,False,False,False,True,True,False,False,False,False,False,False,False,False,False,False,False,False,False,False,False,False
ISL1,True,False,False,False,False,False,False,False,False,False,False,False,False,False,False,False,False,False,False,False,False
ISOC1,False,False,False,False,False,False,False,False,False,False,True,True,False,False,False,False,False,False,False,False,False
ITM2B,False,False,False,False,False,False,False,False,False,False,False,False,True,False,False,False,False,False,False,False,False
ITM2C,True,False,False,False,False,False,True,False,False,False,True,True,False,True,True,False,False,False,False,False,False
KCNA1,False,False,False,False,True,False,True,False,False,False,False,False,False,False,False,False,False,False,False,False,False
KCNA6,False,False,False,False,True,False,False,False,False,False,False,False,False,False,False,False,False,False,False,False,False
KCNAB1,True,False,False,False,True,False,True,False,False,False,False,False,False,False,False,False,False,False,False,False,False
KCNC1,True,False,False,True,True,False,False,False,True,False,False,False,False,False,False,False,False,False,False,False,False
KCND3,False,False,False,False,False,False,False,False,False,False,False,False,False,False,False,False,False,False,True,False,True
KCNIP1,False,False,False,True,True,False,False,False,False,False,True,True,False,False,False,False,False,False,False,False,True
KCNIP4,False,True,False,False,False,False,False,False,False,False,False,False,False,False,False,False,False,False,False,False,False
KCNMA1,False,False,False,False,False,False,False,False,False,False,False,False,False,True,False,False,False,False,False,False,False
KCTD12,False,True,False,False,False,False,False,False,False,False,False,False,False,False,False,False,False,False,False,False,False
KCTD8,False,False,False,False,False,False,False,False,False,False,False,False,False,False,False,False,True,False,False,False,False
KIF3A,False,False,False,False,False,True,False,False,False,False,False,False,False,False,False,False,False,False,False,False,False
KIF5A,False,False,False,False,False,True,False,False,False,False,False,False,False,False,False,False,False,False,False,False,False
KIF5C,True,False,True,True,True,True,True,True,True,False,False,False,False,True,False,False,False,False,False,False,False
KIFAP3,False,False,False,False,False,True,False,False,False,False,False,False,False,False,False,False,False,False,False,False,False
KIT,False,False,False,False,False,False,False,False,False,False,False,True,False,False,False,False,False,False,False,False,False
LAMP5,False,False,False,False,False,False,False,False,False,False,True,False,True,True,True,False,True,False,False,True,False
LDHA,False,True,False,False,False,False,False,False,False,False,False,False,False,False,False,False,False,False,False,False,False
LDHB,True,False,False,False,False,False,False,False,True,True,True,False,False,False,False,False,True,False,False,False,True
LGR5,False,False,False,False,False,False,False,False,False,False,False,False,False,False,True,False,False,True,True,False,False
LHFP,False,False,False,False,False,False,False,False,False,False,False,False,False,False,False,False,True,False,False,False,False
LHFPL2,False,False,False,True,True,False,False,False,False,False,False,False,False,False,False,False,False,False,False,False,False
LHX9,False,True,False,False,False,False,True,False,False,False,True,False,False,False,False,False,False,False,False,False,False
LIN7A,True,False,False,False,False,False,True,True,False,False,False,True,False,False,False,False,False,False,False,False,False
LINGO1,False,False,False,False,False,False,False,False,False,False,True,False,False,False,False,False,False,False,False,False,False
LMO4,False,False,False,False,True,False,False,False,False,False,True,False,False,False,False,False,False,False,False,False,False
LNX1,False,False,False,False,False,False,False,False,False,False,True,False,False,False,False,False,False,False,False,False,False
LOXL2,False,False,False,False,False,False,True,False,False,False,False,False,False,False,False,False,False,False,False,False,False
LPHN3,False,False,True,True,True,False,False,False,False,False,False,False,False,False,False,False,False,False,False,False,False
LPL,False,False,False,True,True,False,False,False,False,False,False,False,False,False,False,False,False,False,False,False,False
LRP8,False,False,False,True,False,False,False,False,False,False,False,False,False,False,False,False,False,False,False,False,False
LRRC4C,False,False,False,False,False,True,False,False,False,False,False,False,False,False,False,False,False,False,False,False,False
LRRN3,False,False,True,False,False,False,True,False,False,False,False,True,False,False,False,False,False,False,False,False,True
LRRTM1,False,False,False,False,False,False,False,True,False,False,True,False,False,False,False,False,False,False,False,False,False
LSAMP,True,False,True,False,False,True,True,False,False,False,True,False,False,True,True,False,False,False,False,False,False
LY6H,False,True,False,False,False,False,False,True,False,False,False,False,False,False,True,False,True,True,False,False,False
MAF,False,False,False,False,True,False,False,False,False,False,False,False,False,False,False,False,False,False,False,False,False
MAGI3,True,False,False,False,False,False,False,False,False,False,False,False,False,False,False,False,False,False,False,False,False
MAPK10,True,False,False,False,False,False,False,False,False,False,False,False,False,False,False,False,False,False,False,False,False
MAPT,False,False,False,True,True,True,True,True,True,False,True,False,False,False,False,False,True,False,False,True,False
MARCKS,False,False,False,False,True,True,True,True,False,True,True,True,True,False,False,False,False,True,False,False,False
MARCKSL1,False,True,False,False,False,False,True,True,False,False,True,True,False,False,True,True,False,False,False,True,True
MED12L,True,False,False,False,False,False,False,False,False,False,False,False,False,False,False,False,False,False,False,False,False
MEG3,True,True,True,True,False,True,True,True,True,True,True,False,True,True,True,True,True,True,True,True,True
MEGF11,True,False,False,False,False,False,False,False,False,False,False,False,False,False,False,False,False,False,False,False,False
MEIS2,False,False,True,True,True,True,True,False,True,True,False,False,False,False,False,False,False,False,False,False,False
MGLL,True,False,False,False,False,False,False,False,False,False,False,False,False,False,True,False,True,False,False,False,False
MLLT11,False,False,True,True,True,True,True,True,False,False,True,True,False,False,False,False,True,False,False,False,False
MMP9,False,False,False,False,True,False,False,False,False,False,False,False,False,False,False,False,False,False,False,False,False
MPP6,False,False,False,True,True,False,False,False,False,False,False,False,False,False,False,False,False,False,False,False,False
MXRA7,True,False,False,False,True,False,False,False,False,False,False,False,False,False,False,False,False,False,False,False,False
MYH10,False,False,False,True,True,False,False,False,False,False,False,False,False,False,False,False,False,False,False,False,False
MYT1L,False,False,True,False,False,True,False,False,False,False,False,False,False,False,False,False,False,False,False,False,False
NAP1L5,True,True,True,False,True,True,True,True,True,True,True,True,False,False,False,False,True,False,False,True,True
NAV1,False,True,False,False,False,False,True,False,False,False,False,False,False,False,True,True,False,False,False,False,False
NCALD,False,False,False,False,False,False,False,False,False,False,True,False,False,True,True,True,False,False,False,False,False
NCAM2,False,False,False,False,False,True,False,False,False,False,False,False,False,False,False,False,False,False,False,False,False
NCDN,False,False,True,False,False,False,False,False,False,False,False,False,False,False,False,False,False,False,False,False,False
NCKAP5,False,False,False,False,False,False,False,False,False,False,False,False,False,False,False,False,False,False,True,False,False
NDN,False,False,False,False,False,True,False,True,False,True,True,False,False,False,False,False,True,False,False,False,False
NDRG4,False,True,True,True,True,True,True,True,True,True,True,True,False,True,False,False,True,False,False,False,True
NDUFC2,False,False,False,False,False,False,False,False,False,False,False,False,False,False,True,False,False,False,False,False,False
NECAB1,False,False,False,True,True,True,False,False,False,False,True,False,False,False,True,True,True,False,False,False,False
NECAB2,False,False,False,False,False,False,False,False,False,False,False,False,False,False,True,False,False,False,False,False,False
NEFH,True,False,False,False,False,False,False,False,False,False,False,False,False,False,False,False,False,False,False,False,False
NETO2,False,False,False,False,False,False,True,False,False,False,False,False,False,False,False,False,False,False,False,False,False
NEUROD1,False,True,True,True,True,True,False,True,True,False,True,False,False,False,True,True,True,False,False,False,False
NEUROD2,False,False,False,False,False,False,False,False,False,False,False,False,True,False,False,False,False,False,False,True,False
NEUROD4,False,False,False,False,False,False,False,False,False,False,False,False,False,False,False,False,False,True,False,False,False
NFIA,False,False,False,False,False,False,False,False,False,False,False,True,False,True,False,False,False,False,False,False,False
NFIB,False,False,False,False,False,False,False,False,False,False,False,False,False,False,False,True,False,False,False,False,False
NFIX,False,False,False,False,False,False,False,False,False,False,False,False,False,False,True,True,False,False,True,False,False
NGFRAP1,False,False,False,False,False,True,False,True,False,True,True,True,False,False,False,True,True,False,False,False,False
NHLH2,True,True,True,False,False,False,False,False,False,False,False,False,False,False,True,True,True,False,True,False,False
NNAT,True,False,False,False,False,False,False,True,False,False,False,False,True,False,False,False,True,False,False,False,False
NPNT,False,False,False,True,True,False,False,False,False,False,False,False,False,False,False,False,False,False,False,False,False
NPTN,True,False,False,False,False,False,False,False,False,False,False,False,False,False,False,False,False,False,False,False,False
NPTX2,False,False,False,False,True,False,True,False,False,False,False,False,False,False,False,False,False,False,False,False,False
NPY,True,False,False,False,False,False,False,False,False,False,False,False,False,False,False,False,False,False,False,False,False
NR2E3,True,True,True,True,False,True,True,True,True,True,True,True,False,True,True,True,True,False,False,True,False
NR2F2,False,False,False,False,False,False,False,False,False,False,False,False,False,False,True,False,False,False,False,False,False
NR4A2,False,False,False,False,False,False,False,True,False,False,False,True,False,False,False,False,False,False,False,False,False
NRCAM,True,False,True,True,False,False,False,False,False,False,False,False,False,False,False,False,False,False,False,False,False
NREP,True,False,False,False,False,False,False,False,False,False,False,False,True,False,True,True,False,False,False,False,False
NRL,True,True,True,True,True,True,True,True,True,True,True,True,False,True,True,True,True,False,False,False,False
NRSN1,False,False,True,True,False,True,False,True,True,True,True,False,False,False,True,False,True,False,False,True,False
NRXN1,False,False,True,False,False,False,False,False,True,False,False,False,False,False,False,True,False,False,True,False,False
NRXN2,True,True,True,True,True,True,True,True,True,True,True,True,True,False,False,False,True,False,False,True,False
NRXN3,False,False,True,False,False,False,False,False,False,False,False,False,True,True,True,True,False,False,False,False,False
NSG1,False,False,False,False,False,True,True,True,False,False,True,False,True,False,False,True,True,False,False,False,False
NSG2,False,True,True,True,True,True,True,True,True,False,True,False,True,True,True,False,False,False,False,False,False
NUDT4,False,True,False,False,False,False,False,False,False,False,False,False,False,False,False,False,False,False,False,False,False
NXPH1,False,False,False,False,False,False,False,False,False,False,False,False,True,False,False,False,False,False,False,False,False
NXPH3,False,False,False,False,False,False,False,False,False,False,False,False,True,False,False,False,False,False,False,False,False
OGFRL1,False,True,True,False,True,False,False,False,False,False,False,False,False,False,False,False,True,False,False,False,False
OLFM1,False,False,False,False,False,True,False,False,False,False,False,False,True,False,False,False,False,False,False,False,True
OLFM3,False,False,False,False,False,False,True,False,False,False,False,False,False,False,False,False,False,False,False,False,False
OPCML,False,False,False,False,False,False,False,False,False,False,True,False,False,False,False,False,False,False,False,False,False
OSBPL1A,False,False,False,False,False,False,False,False,False,False,False,False,False,True,False,False,True,False,False,False,False
OXR1,False,False,False,False,False,True,True,False,False,False,False,False,False,False,False,False,False,False,False,False,False
P2RY1,False,False,True,False,False,False,False,False,False,False,False,False,False,False,False,False,False,False,False,False,False
PAK3,False,False,False,False,True,False,False,True,False,False,True,False,False,False,False,False,False,False,False,False,False
PAK7,False,False,False,False,False,False,False,False,False,False,False,False,False,True,False,False,False,False,False,False,False
PAM,False,False,False,False,False,False,False,False,False,False,False,False,False,False,True,False,False,False,False,False,False
PAPPA2,True,False,False,False,False,False,False,False,False,False,False,False,False,False,False,False,False,False,False,False,False
PAX6,False,True,True,True,True,True,True,True,True,True,True,True,False,False,True,True,True,False,False,True,True
PBX1,False,False,True,False,False,False,False,False,True,False,False,True,False,False,False,False,False,False,False,False,False
PCDH10,True,False,True,True,False,False,False,False,False,True,False,False,False,False,False,False,False,False,False,False,False
PCDH17,False,False,True,True,False,False,False,False,True,False,True,False,False,False,False,True,False,False,False,False,False
PCDH7,False,False,False,False,True,False,False,False,False,False,False,False,False,False,False,False,False,False,False,False,False
PCDH8,False,True,True,False,False,False,False,False,False,False,False,False,False,False,False,False,False,False,False,False,False
PCDHA2,True,False,False,False,False,False,False,False,False,False,False,False,False,False,False,False,False,False,False,False,False
PCP4,True,True,True,False,False,False,False,False,True,False,False,True,True,False,False,False,False,False,False,False,True
PCP4L1,True,False,False,False,True,False,False,False,False,False,False,False,False,False,False,False,False,False,False,False,False
PCSK2,False,False,True,False,True,False,False,False,False,False,False,False,False,False,False,False,False,False,False,False,False
PDC,True,True,True,True,True,True,True,True,True,True,True,True,True,True,True,True,True,True,True,True,True
PDE1C,False,False,False,False,False,False,False,False,False,False,False,False,True,False,False,False,False,False,False,False,False
PDE3A,False,False,False,False,False,False,True,False,False,False,False,True,False,False,False,False,False,False,False,False,False
PDE4B,False,False,False,True,True,False,False,False,False,False,False,False,False,False,False,False,False,False,False,False,False
PDE6B,True,True,True,True,True,True,True,True,True,True,True,True,False,True,True,True,True,True,True,True,True
PDE6G,True,True,True,True,True,True,True,True,True,True,True,True,True,True,True,True,True,True,True,True,True
PDGFRA,False,False,False,False,False,False,False,False,False,False,True,False,False,False,False,False,False,False,False,False,False
PGM2L1,True,False,False,False,False,False,False,False,False,False,False,False,True,False,False,False,False,False,False,False,False
PGRMC1,False,False,False,False,False,False,False,False,False,False,False,False,False,False,True,False,False,False,False,False,False
PHACTR3,False,False,False,False,False,False,True,False,False,False,False,True,False,False,False,False,False,False,False,False,False
PHLDA1,False,False,False,False,False,False,False,False,False,False,True,False,False,True,False,False,False,False,False,False,False
PHYHIPL,False,False,False,False,False,False,False,False,False,False,False,False,False,True,False,False,False,False,False,False,False
PIK3R3,False,False,False,False,False,False,False,False,False,False,False,False,False,False,False,True,True,False,False,False,False
PIP4K2A,False,False,False,False,False,False,False,False,False,False,True,False,False,False,False,False,False,False,False,False,False
PJA2,False,False,False,False,False,False,False,False,False,False,True,False,False,False,False,False,False,False,False,False,False
PKIA,False,False,True,False,False,False,False,False,False,False,False,False,False,False,False,False,False,False,False,False,False
PLCB1,False,False,True,False,False,False,False,False,False,False,False,False,False,False,False,False,False,False,False,False,False
PLCH1,True,False,False,True,False,False,False,False,False,False,False,False,False,True,False,False,False,False,False,False,False
PLEKHA1,False,False,False,False,False,False,False,False,False,False,False,False,False,False,False,True,False,False,False,True,False
PNMAL2,False,True,False,True,True,True,False,True,True,True,False,False,False,True,False,True,True,True,True,True,False
PODXL2,True,False,False,False,False,False,False,False,False,False,False,True,False,True,False,False,False,False,False,False,False
POU3F3,False,False,False,False,False,False,False,False,False,False,False,True,False,False,False,False,False,False,False,False,True
PPFIBP1,True,False,False,False,True,False,False,False,False,False,False,False,False,False,False,False,False,False,False,False,False
PPM1L,True,False,False,False,False,False,False,False,False,False,False,False,False,False,False,False,False,False,False,False,False
PPP1R17,False,False,False,False,False,False,False,False,False,False,False,False,False,False,False,False,False,True,False,False,False
PPP1R1A,False,False,False,False,False,False,False,False,False,False,False,False,False,True,True,False,False,False,False,False,False
PRAF2,True,False,False,False,False,False,False,False,False,False,False,False,False,False,False,False,False,False,False,False,False
PRDM13,False,False,False,False,False,False,False,False,False,False,False,False,False,False,False,True,True,False,True,False,False
PRKACB,False,False,False,False,False,False,False,False,True,False,False,False,False,False,False,False,False,False,False,False,False
PRKAR1A,False,False,False,False,False,False,False,False,False,False,True,False,False,False,False,False,False,False,False,False,False
PRKAR1B,False,False,False,False,False,True,False,False,False,False,False,False,False,False,False,False,False,False,False,False,False
PRKAR2B,False,False,False,False,False,False,True,False,False,False,False,False,False,False,False,False,False,False,False,False,False
PRKCB,False,False,False,True,True,False,False,False,False,False,False,False,False,False,False,False,False,False,True,False,False
PRKCE,False,False,False,False,False,False,True,False,False,False,True,False,False,False,False,False,False,False,False,False,False
PRMT8,False,False,False,True,False,False,False,False,False,False,False,False,False,False,False,False,False,False,False,False,False
PROX1,False,False,False,False,False,False,False,False,False,False,False,False,False,True,False,False,False,False,False,False,False
PRPH2,True,True,True,True,True,True,True,True,True,True,True,True,True,True,True,True,True,True,True,True,True
PRRT4,False,False,False,False,True,False,False,False,False,False,False,False,False,False,False,False,False,False,False,False,False
PRUNE2,False,False,False,False,True,False,False,False,False,False,False,False,False,False,False,False,False,False,False,False,False
PSD3,True,False,False,False,False,False,False,False,False,False,False,False,False,False,False,False,False,False,False,False,False
PTGDS,False,False,False,False,False,False,False,False,False,False,False,False,False,False,False,False,True,False,False,False,False
PTN,False,False,False,True,True,False,False,False,False,False,False,False,False,False,False,False,False,False,False,False,False
PTPRD,True,False,False,False,False,False,False,False,False,False,False,False,False,False,False,False,True,False,False,True,False
PTPRF,False,False,False,False,False,False,False,False,False,False,False,False,False,True,True,False,False,False,False,False,False
PTPRK,False,False,True,False,False,False,False,False,False,False,False,False,False,False,False,False,False,False,False,False,False
PTPRM,False,False,False,False,False,False,False,False,False,False,True,False,False,False,False,False,False,False,False,False,False
PTPRS,False,False,False,False,False,False,False,False,False,False,False,False,False,False,False,True,False,False,False,False,False
PTPRT,False,False,False,False,False,False,False,False,True,False,False,False,False,False,True,False,True,False,False,False,False
QDPR,False,False,False,False,False,False,False,False,False,False,False,False,False,True,True,False,False,False,False,False,False
RAB3C,False,False,False,False,False,False,False,True,False,True,True,True,True,True,False,False,True,False,False,True,False
RAB6A,False,False,False,False,False,True,False,False,False,False,False,False,False,False,False,False,False,False,False,False,False
RAB6B,False,False,False,False,False,True,False,False,False,False,False,False,False,False,False,False,False,False,False,False,False
RASAL2,False,False,False,True,False,False,False,False,False,False,False,False,False,False,False,False,False,False,False,False,False
RASGRF1,False,False,True,True,False,False,False,False,False,False,False,False,False,False,False,False,False,False,False,False,False
RASGRP1,False,False,False,False,False,False,False,False,False,False,True,False,False,False,False,False,False,False,False,False,False
RBFOX1,True,False,False,True,True,True,False,False,False,False,False,False,True,False,False,False,False,False,False,False,False
RBFOX2,False,False,False,False,False,False,True,False,False,False,True,False,False,False,False,False,False,False,False,False,False
RCAN2,False,False,False,False,False,False,False,False,False,False,False,False,False,True,False,False,False,False,False,False,False
RCVRN,True,True,True,True,True,True,True,True,True,True,True,True,True,True,True,True,True,True,True,True,True
REEP5,True,False,False,False,False,True,False,False,False,False,False,False,False,False,False,False,False,False,False,False,False
RELN,False,False,True,False,False,False,False,False,False,False,False,False,False,False,False,False,False,False,False,False,False
RGS17,False,False,False,False,False,False,False,False,False,False,True,False,False,False,False,False,False,False,False,False,False
RGS7BP,True,False,False,True,False,False,False,False,False,False,False,False,False,False,False,False,False,False,False,False,False
RGS8,False,False,True,False,False,False,True,False,True,False,True,False,False,False,False,False,False,False,False,False,False
RHO,True,True,True,True,True,True,True,True,True,True,True,True,True,True,True,True,True,True,True,True,True
RIMS1,True,False,False,False,False,False,False,False,False,False,False,False,False,False,False,False,False,False,False,False,False
RIT2,False,False,False,False,False,False,False,False,True,False,False,True,False,True,False,False,True,False,False,False,False
RND3,False,False,False,True,True,False,False,False,False,False,False,False,False,False,False,False,False,False,False,False,False
RNF152,False,False,False,False,False,False,False,False,False,False,False,False,False,True,False,False,False,False,False,False,False
RNF220,False,False,False,False,False,False,False,True,False,False,False,False,False,False,False,False,False,False,False,False,False
ROBO2,False,False,True,False,False,False,False,False,False,False,False,False,False,False,False,False,False,False,False,False,False
ROM1,True,True,True,True,True,True,True,True,True,True,True,True,True,True,True,True,True,True,True,True,True
RP1,True,True,True,True,True,True,True,True,True,True,True,True,False,True,True,True,True,True,True,True,True
RPGRIP1,True,True,True,True,True,True,True,True,True,True,True,True,False,True,True,True,True,True,False,True,True
RPH3A,True,True,True,True,False,False,False,False,True,True,False,True,False,False,True,True,False,False,False,False,False
RPRM,False,False,False,False,False,False,False,False,False,False,False,True,False,False,False,False,False,False,False,False,False
RPS6KA4,False,False,False,True,True,False,False,False,False,False,False,False,False,False,False,False,False,False,False,False,False
RS1,True,True,True,True,True,True,True,True,True,True,True,True,False,True,True,True,True,True,False,False,True
RTN1,False,True,True,False,False,True,True,True,False,True,True,False,True,False,False,True,False,True,False,False,False
RUNX1T1,False,False,False,True,False,False,True,True,False,True,True,False,True,False,False,False,False,False,False,False,False
RYR2,False,False,True,False,False,False,True,False,False,False,False,True,False,False,False,False,False,False,False,False,False
SAG,True,True,True,True,True,True,True,True,True,True,True,True,True,True,True,True,True,True,True,True,True
SCG2,True,False,False,False,False,True,False,False,False,False,True,True,False,False,False,False,False,False,False,False,True
SCG3,True,False,False,False,False,False,False,False,False,False,False,False,False,False,True,False,False,False,False,False,False
SCN1A,False,False,False,False,False,False,False,False,False,False,False,False,False,True,False,False,False,False,False,False,False
SCN2A1,False,False,True,False,False,False,False,False,False,False,False,False,False,False,False,False,False,False,False,False,False
SCN3A,False,True,True,False,True,False,False,False,False,False,False,False,False,False,False,False,False,False,False,False,False
SEMA3A,False,False,False,False,False,False,False,False,False,False,True,False,False,False,False,False,False,False,False,False,False
SEMA4G,False,False,False,False,False,False,False,False,False,False,False,False,False,False,False,True,False,False,False,False,False
SEMA6A,False,False,False,False,False,False,True,False,False,False,False,False,False,False,False,False,False,False,False,False,False
SEPT11,True,False,False,False,True,False,False,False,False,False,False,False,False,False,False,False,False,False,False,False,False
SERINC1,False,False,False,False,False,True,False,False,True,False,False,False,False,False,False,False,False,False,False,False,False
SERP2,False,False,False,False,False,False,False,False,False,False,True,False,False,False,False,False,False,False,False,False,False
SERPINE2,False,False,False,False,False,True,False,False,False,False,False,True,False,False,False,False,False,False,False,False,False
SERPINI1,False,True,False,False,False,False,False,False,False,False,False,False,False,False,False,False,False,False,False,False,False
SEZ6,False,False,False,False,False,False,False,False,False,False,False,False,False,False,True,False,False,False,False,False,False
SEZ6L,False,False,False,False,True,False,False,False,False,False,False,False,False,False,False,False,False,False,False,False,False
SFXN1,False,False,False,True,True,False,False,False,False,False,False,False,False,False,False,False,False,False,False,False,False
SH3BGRL,False,False,False,False,False,False,False,False,False,False,True,True,False,False,False,False,False,False,False,False,False
SH3BP5,False,False,False,False,False,False,True,False,False,False,False,False,False,False,False,False,False,False,False,False,False
SIX3,False,False,False,True,True,False,False,False,False,True,False,False,False,False,False,True,True,False,False,False,True
SIX3OS1,False,False,False,False,False,False,False,False,False,False,False,False,False,False,False,False,False,False,False,False,True
SIX6,False,True,False,False,False,False,False,False,True,False,False,False,True,False,False,False,True,False,False,False,False
SLC17A8,False,False,False,False,False,False,False,False,False,False,False,False,True,False,False,False,False,False,False,False,False
SLC22A17,False,True,False,False,False,False,False,True,False,False,False,False,False,False,False,False,False,False,False,False,False
SLC24A1,True,True,True,True,True,True,True,True,True,False,True,True,False,True,True,True,True,False,False,False,False
SLC24A2,False,False,False,False,False,False,False,False,False,False,True,False,False,True,False,False,False,False,False,False,False
SLC24A3,False,False,False,False,False,False,False,False,False,False,False,False,True,False,True,False,True,False,True,False,False
SLC32A1,True,False,True,True,True,True,True,True,True,False,True,True,False,True,True,True,True,False,False,True,True
SLC35D3,False,False,False,False,False,False,False,False,False,False,False,True,False,False,False,False,False,False,False,False,False
SLC4A10,True,False,False,False,False,False,False,False,False,False,False,False,False,False,False,False,False,False,False,False,False
SLC5A7,True,False,False,False,False,False,False,False,False,False,False,False,False,False,False,False,False,False,False,False,False
SLC6A1,True,True,True,True,True,True,True,True,True,True,True,False,False,False,False,False,False,False,False,False,True
SLC6A11,False,False,False,False,False,False,True,True,False,False,False,False,False,False,False,False,False,False,False,False,False
SLC6A5,False,False,False,False,False,False,False,False,False,False,True,False,False,False,False,False,False,False,False,False,False
SLC6A9,False,False,False,False,False,False,False,False,False,False,False,False,False,True,True,True,True,False,False,True,False
SLIT2,False,False,False,True,True,False,False,False,False,False,False,False,False,False,False,False,False,False,False,False,False
SNCA,False,True,True,False,False,True,False,False,False,False,False,False,False,False,False,False,False,True,False,False,False
SNCB,True,False,False,False,False,False,True,False,True,False,True,True,True,False,False,False,False,False,False,True,True
SNHG11,True,True,True,True,True,True,True,True,True,True,True,True,True,False,True,False,True,False,False,True,True
SNRPN,True,False,True,True,True,True,False,True,False,False,True,False,False,False,False,False,False,False,False,False,False
SOBP,False,False,False,False,False,False,False,False,False,False,False,True,False,False,False,False,False,False,False,False,False
SOCS2,False,False,False,False,False,False,False,False,False,False,False,False,False,False,False,True,False,False,False,False,False
SORCS1,False,False,False,False,False,True,False,False,False,False,False,False,True,False,False,False,False,False,False,False,False
SOX2,True,False,False,False,False,False,False,False,False,False,False,False,False,False,False,False,False,False,False,False,False
SOX2OT,True,False,False,False,False,False,False,False,False,False,False,False,False,False,False,False,False,False,False,False,False
SOX4,False,True,False,False,False,False,False,False,False,False,False,False,False,False,False,False,False,False,False,False,False
SOX5,False,False,False,False,False,False,True,False,False,False,False,False,False,False,False,False,False,False,False,False,False
SPAG5,False,False,False,False,True,False,False,False,False,False,False,False,False,False,False,False,False,False,False,False,False
SPARCL1,True,True,True,False,True,True,False,False,True,False,True,False,False,False,True,False,True,False,False,False,False
SPHKAP,False,False,False,False,False,False,False,False,False,False,False,False,True,True,True,False,True,True,True,False,False
SPOCK2,False,False,False,False,False,True,False,False,False,False,False,False,False,False,False,False,False,False,False,False,False
SPOCK3,True,True,True,True,True,True,True,True,True,False,True,True,False,True,False,False,True,False,False,False,False
SRGAP3,False,False,False,False,False,False,True,False,False,False,False,False,False,False,False,False,False,False,False,False,False
STAC2,False,False,False,False,False,False,False,False,False,False,False,False,False,True,False,False,False,False,False,False,False
STEAP2,False,False,False,False,False,False,False,False,False,False,True,False,False,False,False,False,False,False,False,False,False
STK32B,False,False,True,False,False,False,False,False,False,False,False,False,False,False,False,False,False,False,False,False,False
STMN1,False,False,True,True,False,False,False,False,False,False,False,False,False,False,False,False,False,False,False,False,False
STMN2,False,True,True,True,True,True,False,True,False,False,False,True,True,False,False,True,False,False,False,False,False
STMN3,True,False,True,True,True,True,True,True,True,False,True,True,False,False,False,False,True,False,False,False,False
STMN4,False,False,True,False,False,True,False,True,False,False,False,False,False,False,False,False,True,False,False,False,False
STXBP5,False,True,False,False,False,False,False,False,False,False,False,False,False,False,False,False,False,False,False,False,False
STXBP6,True,False,True,False,False,False,False,False,False,False,False,False,False,False,False,False,False,False,False,False,False
SULF2,False,False,False,False,False,False,False,False,False,False,False,False,False,False,True,False,False,False,False,False,False
SUSD4,False,False,True,False,False,False,False,False,False,False,False,False,False,False,True,False,False,False,False,False,False
SV2A,True,False,True,True,True,True,True,True,True,True,True,False,False,True,True,False,True,False,False,True,False
SYN2,False,False,False,False,False,True,False,False,False,False,True,False,False,False,False,False,False,False,False,False,False
SYNGR3,False,False,False,False,False,True,False,False,False,False,False,False,False,False,False,False,False,False,False,False,False
SYNPR,True,False,True,True,True,True,True,True,True,True,True,True,False,True,False,False,False,False,False,False,False
SYT1,True,False,False,False,False,False,False,True,False,False,False,False,False,False,False,False,False,True,False,False,False
SYT10,False,False,False,False,False,False,False,False,False,False,False,True,False,False,False,False,False,False,False,False,False
SYT11,True,False,True,False,True,True,True,True,True,False,True,False,False,False,False,False,False,False,False,False,False
SYT13,False,False,False,False,False,False,False,False,False,False,False,False,False,False,False,False,True,False,False,False,False
SYT4,False,False,False,False,False,False,False,True,True,False,True,True,False,False,True,False,True,False,False,False,False
SYT6,False,False,True,False,False,True,False,True,False,False,False,False,False,False,False,False,False,False,False,False,False
SYT7,False,False,True,False,True,True,True,False,True,False,False,True,False,False,False,False,False,False,False,False,False
TAC1,False,True,True,False,False,True,False,False,False,False,False,False,False,False,False,False,False,False,False,False,False
TAC2,False,False,False,False,False,True,False,False,False,False,False,False,False,False,False,False,False,False,False,False,False
TAGLN3,True,False,False,True,True,False,False,True,True,False,True,False,True,True,False,True,True,False,False,True,True
TBX3,False,False,False,False,False,False,True,False,False,False,False,True,False,False,False,False,False,False,False,False,False
TCEAL5,False,False,False,False,False,True,False,True,False,False,True,False,True,True,False,False,True,False,False,False,False
TCF4,False,False,False,False,False,False,False,False,False,False,False,False,False,False,True,True,True,True,True,True,False
TENM1,False,False,False,False,False,True,False,False,False,False,True,True,False,False,False,False,False,False,False,False,False
TENM2,True,False,False,False,False,False,False,False,False,False,False,False,False,False,False,False,False,False,False,False,False
TENM4,False,False,False,True,False,True,False,False,False,False,False,False,False,False,False,False,False,False,False,False,False
TFAP2A,False,False,True,True,False,True,True,False,False,False,True,True,True,False,False,False,False,False,False,False,False
TFAP2B,True,False,False,False,False,True,True,True,True,True,True,True,True,True,False,False,False,False,False,True,True
TFAP2C,False,False,False,False,True,False,False,False,False,False,False,False,False,False,True,True,False,False,False,False,False
TGFB3,True,False,False,False,False,False,False,False,False,False,False,False,False,False,False,False,False,False,False,False,False
THRA,False,False,True,True,True,False,False,False,False,False,False,False,False,False,True,True,True,False,False,True,False
THSD7A,False,False,False,False,False,False,False,False,False,False,False,False,True,False,False,False,False,False,False,False,False
THY1,False,False,False,False,True,False,True,False,False,False,False,False,False,False,True,False,False,False,False,False,False
TKT,False,True,True,True,True,True,True,True,True,True,False,False,False,False,True,False,True,False,False,False,True
TMEM130,False,False,False,False,False,False,False,True,False,False,False,False,False,False,False,False,False,False,False,False,False
TMEM132A,False,False,False,False,False,False,False,False,False,False,False,False,False,True,False,False,False,False,False,False,False
TMEM179,False,False,False,False,False,False,False,False,False,False,True,False,False,False,False,False,False,False,False,False,False
TMEM191C,True,False,False,True,False,False,True,False,True,False,True,False,False,False,False,False,False,False,False,False,False
TMEM215,False,False,False,False,False,False,False,False,False,False,False,False,False,False,False,False,True,False,False,False,False
TMSB10,False,False,False,False,False,True,False,False,False,False,False,True,False,False,False,False,False,False,False,False,False
TMX4,False,False,True,False,False,True,False,False,True,True,True,False,False,False,False,False,False,False,False,False,True
TNC,False,False,False,True,True,False,False,False,False,False,False,False,False,False,False,False,False,False,False,False,False
TPBG,False,False,True,False,False,False,False,False,False,False,False,False,False,False,False,False,False,False,False,False,False
TPI1,False,False,False,False,False,False,False,False,False,False,False,False,False,True,False,False,False,False,False,False,False
TPM1,False,False,False,False,False,True,True,False,False,False,False,False,False,False,False,False,False,False,False,False,False
TPPP,False,False,False,False,False,False,True,False,False,False,False,False,False,False,False,False,False,False,False,False,False
TRANK1,False,False,False,False,False,False,False,False,False,False,False,True,False,False,False,False,False,False,False,False,False
TRIM9,False,False,False,False,False,False,False,False,False,False,False,False,False,False,False,False,False,False,False,False,True
TSC22D1,False,False,False,True,False,False,False,False,False,False,False,False,False,False,False,False,False,False,False,False,False
TSHZ1,False,False,False,False,False,False,False,False,True,False,False,True,False,False,False,False,False,False,False,False,False
TSPAN7,False,False,False,False,False,False,False,False,False,False,False,False,False,True,False,False,False,False,False,False,False
TTC3,True,True,True,True,True,True,True,True,True,True,True,True,True,False,True,True,True,True,True,True,True
TUBA1A,False,False,False,False,False,True,False,False,False,False,False,False,False,False,False,False,False,False,False,False,False
TUBB2A,False,False,True,True,True,True,True,False,False,False,True,False,False,True,True,True,True,False,False,False,False
TULP1,True,True,True,True,True,True,True,True,True,True,True,True,True,True,True,True,True,True,True,True,True
UACA,False,False,True,False,True,False,False,False,False,False,False,False,False,False,False,False,False,False,False,False,False
UBASH3B,False,False,True,True,True,False,False,False,False,False,False,False,False,False,False,False,True,False,False,False,False
UCHL1,False,False,True,True,False,True,True,True,False,True,True,True,False,False,False,False,False,False,False,False,False
UNC119,True,True,True,True,False,True,True,True,True,True,True,True,False,True,True,True,True,True,True,True,True
UNC5D,False,False,False,True,False,False,False,False,False,False,False,False,False,False,False,False,False,False,False,False,False
UTRN,False,False,True,False,True,False,False,False,False,False,False,False,False,False,False,False,False,False,False,False,False
VAMP4,False,False,False,False,False,False,False,False,False,False,True,True,False,False,False,False,False,False,False,False,False
VAT1L,False,False,False,False,False,False,False,False,False,False,False,False,False,False,False,False,True,False,False,False,False
VIP,False,False,False,False,False,False,False,True,False,False,False,False,False,False,False,False,False,False,False,False,False
VPS41,False,False,False,False,True,False,False,False,False,False,False,False,False,False,False,False,False,False,False,False,False
VSNL1,False,False,True,True,True,True,True,True,True,False,True,True,False,False,False,False,False,False,False,False,False
VSTM2A,True,False,False,False,False,False,False,False,False,False,True,False,False,False,True,False,False,False,False,False,False
VSTM2B,False,False,False,False,False,False,False,False,True,False,False,False,False,False,False,False,False,False,False,False,False
VSTM2L,True,False,False,False,False,False,False,False,False,False,True,False,True,False,False,False,False,False,False,False,False
WBSCR17,False,False,False,False,False,False,True,False,False,False,False,False,False,False,False,False,False,False,False,False,False
WDR1,False,False,False,False,False,False,True,False,False,False,True,True,False,False,False,False,False,False,False,False,False
YWHAG,False,False,False,False,False,True,True,False,False,False,False,True,False,False,False,False,False,False,False,False,False
YWHAH,True,False,False,False,False,True,False,True,False,False,True,True,False,False,False,False,False,False,False,False,False
ZCCHC12,False,False,False,False,False,False,False,True,False,False,False,False,False,False,False,False,False,False,False,False,False
ZCCHC18,True,False,False,False,False,True,False,True,False,False,False,True,False,False,False,True,False,False,False,False,False
ZEB2,False,False,True,False,False,False,True,False,False,False,False,True,False,True,False,False,False,False,False,False,False
ZFHX3,False,True,True,True,False,False,False,False,True,True,False,False,False,False,False,False,False,False,False,False,False
ZFP804A,False,False,False,False,False,False,False,False,False,False,False,False,False,True,True,True,True,True,True,True,False
ZMAT4,True,False,True,False,False,False,False,False,False,False,False,False,False,False,False,False,False,False,False,False,False
ZWINT,False,False,False,False,False,True,False,True,True,False,True,False,False,False,False,False,False,False,False,False,False
ZYX,False,False,False,False,False,False,False,False,False,False,False,False,False,True,False,False,False,False,False,False,False
