,cluster_03,cluster_04,cluster_05,cluster_06,cluster_07,cluster_08,cluster_09,cluster_10,cluster_11,cluster_12,cluster_13,cluster_14,cluster_15,cluster_16,cluster_17,cluster_18,cluster_19,cluster_20,cluster_21,cluster_22,cluster_23
r1_GGGTGTCAGTGG,0,0,0,1,0,0,0,0,0,0,0,0,0,0,0,0,0,0,0,0,0
r1_GTTTATATGCGC,0,0,1,0,0,0,0,0,0,0,0,0,0,0,0,0,0,0,0,0,0
r1_TCTTCACTGGCT,0,0,0,0,0,0,0,0,0,0,1,0,0,0,0,0,0,0,0,0,0
r1_TCATTTAGTCGA,0,0,0,0,0,1,0,0,0,0,0,0,0,0,0,0,0,0,0,0,0
r1_GTCTATTCGGTT,0,0,0,0,0,0,0,1,0,0,0,0,0,0,0,0,0,0,0,0,0
r1_GATCGGTACATG,0,0,0,0,0,0,1,0,0,0,0,0,0,0,0,0,0,0,0,0,0
r1_CGTCGGTCAGTT,1,0,0,0,0,0,0,0,0,0,0,0,0,0,0,0,0,0,0,0,0
r1_CTATATCCTGTG,0,0,0,0,0,0,0,0,0,0,0,0,0,0,0,0,1,0,0,0,0
r1_AACGTGTAAGCG,0,0,0,0,0,0,1,0,0,0,0,0,0,0,0,0,0,0,0,0,0
r1_TCGATCTGAGGT,1,0,0,0,0,0,0,0,0,0,0,0,0,0,0,0,0,0,0,0,0
r1_CGCATCTCGCTT,0,0,0,0,1,0,0,0,0,0,0,0,0,0,0,0,0,0,0,0,0
r1_GACGAGCTATCC,0,0,0,0,1,0,0,0,0,0,0,0,0,0,0,0,0,0,0,0,0
r1_CGATAGTCCTAT,0,0,0,0,1,0,0,0,0,0,0,0,0,0,0,0,0,0,0,0,0
r1_TTGACTCCTTTT,0,0,0,0,0,0,0,1,0,0,0,0,0,0,0,0,0,0,0,0,0
r1_CGTTGATCTCTG,1,0,0,0,0,0,0,0,0,0,0,0,0,0,0,0,0,0,0,0,0
r1_GGGCCCCAAATG,0,0,0,0,0,1,0,0,0,0,0,0,0,0,0,0,0,0,0,0,0
r1_GTGTAATTCTTC,0,0,0,0,0,0,0,0,0,0,0,0,0,0,0,0,0,0,0,0,1
r1_GGATTGAAACAG,0,0,0,0,0,0,0,0,0,0,1,0,0,0,0,0,0,0,0,0,0
r1_CGCGGTTTTCTT,0,0,0,0,1,0,0,0,0,0,0,0,0,0,0,0,0,0,0,0,0
r1_GCAAGTTGACAA,0,0,0,0,1,0,0,0,0,0,0,0,0,0,0,0,0,0,0,0,0
r1_TAGATCACGAAT,0,0,0,0,1,0,0,0,0,0,0,0,0,0,0,0,0,0,0,0,0
r1_AGCATCCCCGTT,0,0,0,1,0,0,0,0,0,0,0,0,0,0,0,0,0,0,0,0,0
r1_AGTAGTGGATTA,0,0,0,0,0,1,0,0,0,0,0,0,0,0,0,0,0,0,0,0,0
r1_CTGACGTGCACT,0,0,0,0,0,0,0,1,0,0,0,0,0,0,0,0,0,0,0,0,0
r1_TACGTCAGTTCG,0,0,0,0,0,0,0,0,0,0,1,0,0,0,0,0,0,0,0,0,0
r1_AGATAGGATTAT,0,0,0,0,0,0,1,0,0,0,0,0,0,0,0,0,0,0,0,0,0
r1_ATTACCCAGGAG,0,0,0,0,1,0,0,0,0,0,0,0,0,0,0,0,0,0,0,0,0
r1_GCATGTCCAAAC,0,0,0,0,0,0,0,0,0,0,1,0,0,0,0,0,0,0,0,0,0
r1_CCGAGTAAGGGT,1,0,0,0,0,0,0,0,0,0,0,0,0,0,0,0,0,0,0,0,0
r1_GATCCGAGATTG,1,0,0,0,0,0,0,0,0,0,0,0,0,0,0,0,0,0,0,0,0
r1_CAAATGCGTGCG,0,0,0,0,0,0,0,0,0,0,1,0,0,0,0,0,0,0,0,0,0
r1_GTAGGGTTTTCT,0,0,0,0,0,0,0,0,0,0,0,0,0,0,0,0,1,0,0,0,0
r1_ACCAATTCGAAG,0,0,1,0,0,0,0,0,0,0,0,0,0,0,0,0,0,0,0,0,0
r1_GATAATGACTAT,0,0,0,0,1,0,0,0,0,0,0,0,0,0,0,0,0,0,0,0,0
r1_TACTGTAACAGC,0,0,0,0,1,0,0,0,0,0,0,0,0,0,0,0,0,0,0,0,0
r1_TCGACGTATCAG,0,0,0,1,0,0,0,0,0,0,0,0,0,0,0,0,0,0,0,0,0
r1_GCCTTTTAGCAG,0,0,0,1,0,0,0,0,0,0,0,0,0,0,0,0,0,0,0,0,0
r1_TAGGTGCATATA,0,0,0,0,1,0,0,0,0,0,0,0,0,0,0,0,0,0,0,0,0
r1_GAGGGTCGAATA,0,0,0,0,1,0,0,0,0,0,0,0,0,0,0,0,0,0,0,0,0
r1_GCGCACAGGCCC,0,0,0,0,0,0,0,0,0,0,0,1,0,0,0,0,0,0,0,0,0
r1_CGATAACCCTCC,0,0,0,0,0,0,1,0,0,0,0,0,0,0,0,0,0,0,0,0,0
r1_ATTGTGATAAAC,0,0,0,1,0,0,0,0,0,0,0,0,0,0,0,0,0,0,0,0,0
r1_GACCCGGGAGAC,1,0,0,0,0,0,0,0,0,0,0,0,0,0,0,0,0,0,0,0,0
r1_ATGTATTTCGAA,0,0,0,0,0,0,1,0,0,0,0,0,0,0,0,0,0,0,0,0,0
r1_GAGGCCCGTTGC,0,0,0,0,0,0,0,1,0,0,0,0,0,0,0,0,0,0,0,0,0
r1_TAGGCATCCAGG,1,0,0,0,0,0,0,0,0,0,0,0,0,0,0,0,0,0,0,0,0
r1_TTGATCTAAAGC,0,0,0,0,0,0,0,0,0,0,0,0,0,1,0,0,0,0,0,0,0
r1_CCGTTACCGACT,1,0,0,0,0,0,0,0,0,0,0,0,0,0,0,0,0,0,0,0,0
r1_TTTCCTCAGAAC,0,0,0,0,0,0,1,0,0,0,0,0,0,0,0,0,0,0,0,0,0
r1_TCCGCCTAGGCT,0,0,0,1,0,0,0,0,0,0,0,0,0,0,0,0,0,0,0,0,0
r1_CCTATTCTCAGC,0,0,0,0,0,0,0,0,0,0,0,0,0,0,0,0,0,0,1,0,0
r1_CGGAGCCGTGTT,0,0,0,0,0,0,1,0,0,0,0,0,0,0,0,0,0,0,0,0,0
r1_TGGGTGCGGTTC,0,0,0,0,0,0,0,0,0,0,0,0,1,0,0,0,0,0,0,0,0
r1_CCATCTATTTGG,0,0,0,0,1,0,0,0,0,0,0,0,0,0,0,0,0,0,0,0,0
r1_GTGACTCCTATC,0,0,0,1,0,0,0,0,0,0,0,0,0,0,0,0,0,0,0,0,0
r1_GGATTTGGATTA,0,0,0,0,0,0,0,0,0,0,0,0,1,0,0,0,0,0,0,0,0
r1_CGCGGTCTTACA,0,0,0,0,0,1,0,0,0,0,0,0,0,0,0,0,0,0,0,0,0
r1_TACACCTTCTGT,1,0,0,0,0,0,0,0,0,0,0,0,0,0,0,0,0,0,0,0,0
r1_TGGGGGCTCGAT,0,0,0,0,1,0,0,0,0,0,0,0,0,0,0,0,0,0,0,0,0
r1_AGAATAAAATTC,0,0,0,0,1,0,0,0,0,0,0,0,0,0,0,0,0,0,0,0,0
r1_CCAGTTGCCTGC,0,0,0,0,0,0,0,0,0,0,0,0,0,1,0,0,0,0,0,0,0
r1_AAAGCGGCGTAA,0,0,0,0,0,0,0,0,0,0,0,0,0,1,0,0,0,0,0,0,0
r1_GTCTCAACTCGC,0,0,0,1,0,0,0,0,0,0,0,0,0,0,0,0,0,0,0,0,0
r1_ATGTCCCAACGC,0,0,0,0,1,0,0,0,0,0,0,0,0,0,0,0,0,0,0,0,0
r1_ATGACACTGGGT,0,0,1,0,0,0,0,0,0,0,0,0,0,0,0,0,0,0,0,0,0
r1_CTTAGTGACATA,0,0,0,0,0,0,0,0,0,0,0,0,0,0,0,1,0,0,0,0,0
r1_GTGATACAGAGA,0,0,0,0,0,0,1,0,0,0,0,0,0,0,0,0,0,0,0,0,0
r1_GAGCGGTTAGGC,0,0,0,0,0,0,0,0,0,0,0,1,0,0,0,0,0,0,0,0,0
r1_CAGATCCGACAA,0,0,0,0,1,0,0,0,0,0,0,0,0,0,0,0,0,0,0,0,0
r1_TTCCACGCGCAG,0,0,0,0,0,0,0,0,0,0,0,0,0,1,0,0,0,0,0,0,0
r1_ACTAAGGCGTAA,1,0,0,0,0,0,0,0,0,0,0,0,0,0,0,0,0,0,0,0,0
r1_CCTGTGGATCGC,0,0,1,0,0,0,0,0,0,0,0,0,0,0,0,0,0,0,0,0,0
r1_CGCACATAGGTC,0,0,0,1,0,0,0,0,0,0,0,0,0,0,0,0,0,0,0,0,0
r1_CCGCGTGGTTGG,0,0,0,0,0,0,0,0,1,0,0,0,0,0,0,0,0,0,0,0,0
r1_CCCTGTTGCTGG,1,0,0,0,0,0,0,0,0,0,0,0,0,0,0,0,0,0,0,0,0
r1_ACTAGCGCCTTG,0,0,0,0,1,0,0,0,0,0,0,0,0,0,0,0,0,0,0,0,0
r1_GGCTCGTCGCGA,0,0,0,0,1,0,0,0,0,0,0,0,0,0,0,0,0,0,0,0,0
r1_GCCTGGTACCTT,0,0,0,0,0,0,0,0,0,0,0,0,0,0,0,0,0,0,0,1,0
r1_CGTGGTACTCTC,0,0,0,0,1,0,0,0,0,0,0,0,0,0,0,0,0,0,0,0,0
r1_ATTGTTTTTGTG,0,0,0,0,0,0,0,0,0,1,0,0,0,0,0,0,0,0,0,0,0
r1_CGGTAGGGAGAT,1,0,0,0,0,0,0,0,0,0,0,0,0,0,0,0,0,0,0,0,0
r1_GTTTACTTAAGA,0,0,0,0,0,0,1,0,0,0,0,0,0,0,0,0,0,0,0,0,0
r1_CATATGCCGCCG,0,0,0,0,1,0,0,0,0,0,0,0,0,0,0,0,0,0,0,0,0
r1_CACCCATTTTGA,0,0,0,0,0,0,1,0,0,0,0,0,0,0,0,0,0,0,0,0,0
r1_TCTAGGTCATAG,0,0,0,0,0,1,0,0,0,0,0,0,0,0,0,0,0,0,0,0,0
r1_CAGTCGCAATGC,0,0,0,0,0,1,0,0,0,0,0,0,0,0,0,0,0,0,0,0,0
r1_CTTCTGCTCCGC,0,0,0,0,0,0,1,0,0,0,0,0,0,0,0,0,0,0,0,0,0
r1_CATTCATGCTGT,0,0,0,0,0,0,0,0,0,0,0,0,0,1,0,0,0,0,0,0,0
r1_CTATGCCCCATA,0,0,1,0,0,0,0,0,0,0,0,0,0,0,0,0,0,0,0,0,0
r1_TGGACGACTCGT,0,0,0,1,0,0,0,0,0,0,0,0,0,0,0,0,0,0,0,0,0
r1_GACGTAGTCGGA,0,0,0,1,0,0,0,0,0,0,0,0,0,0,0,0,0,0,0,0,0
r1_GAACTGATATAC,0,0,0,0,0,0,0,0,0,1,0,0,0,0,0,0,0,0,0,0,0
r1_TAATATCGACTT,0,0,0,0,0,0,0,1,0,0,0,0,0,0,0,0,0,0,0,0,0
r1_GGCGCTTGTTCC,0,0,0,0,0,0,0,0,0,0,0,0,0,0,0,0,1,0,0,0,0
r1_GCCCATCTGCAT,0,0,0,0,0,0,0,0,0,0,0,0,0,0,0,1,0,0,0,0,0
r1_GCTGGAAACTTT,0,0,0,1,0,0,0,0,0,0,0,0,0,0,0,0,0,0,0,0,0
r1_TAACCGAAATCC,0,0,0,0,0,0,1,0,0,0,0,0,0,0,0,0,0,0,0,0,0
r1_TCACATCGTGTT,0,0,0,0,0,0,1,0,0,0,0,0,0,0,0,0,0,0,0,0,0
r1_GAGCTCCCCGTA,0,0,0,0,0,0,0,0,0,0,0,0,1,0,0,0,0,0,0,0,0
r1_GTCGGTGGAATT,0,0,0,0,0,0,1,0,0,0,0,0,0,0,0,0,0,0,0,0,0
r1_GAACTCGACCTA,0,0,0,0,0,0,0,1,0,0,0,0,0,0,0,0,0,0,0,0,0
r1_AACTAACATTGC,0,0,0,1,0,0,0,0,0,0,0,0,0,0,0,0,0,0,0,0,0
r1_TGGCCTACAGTG,0,0,0,0,0,0,0,0,1,0,0,0,0,0,0,0,0,0,0,0,0
r1_GAGGGAATCAAG,0,0,0,0,0,0,1,0,0,0,0,0,0,0,0,0,0,0,0,0,0
r1_GTATACCTACCC,0,0,0,0,0,0,0,0,0,0,0,0,0,1,0,0,0,0,0,0,0
r1_TTATCCTGATCC,0,0,0,0,0,0,0,0,0,0,0,0,0,0,1,0,0,0,0,0,0
r1_TTGCCGATCACG,0,0,0,0,0,0,0,0,0,0,0,0,0,0,1,0,0,0,0,0,0
r1_AGTGCCCTGCAT,0,0,0,0,0,0,1,0,0,0,0,0,0,0,0,0,0,0,0,0,0
r1_CGTTAGTGAGAC,0,0,0,0,0,0,0,0,0,0,0,0,0,0,1,0,0,0,0,0,0
r1_TGGATCGCCTTT,0,0,0,0,1,0,0,0,0,0,0,0,0,0,0,0,0,0,0,0,0
r1_AATATTTCCTAG,0,0,0,0,0,0,0,0,0,0,0,0,0,0,0,0,0,0,0,1,0
r1_GGACATCTTGTG,0,0,0,0,0,0,0,0,0,0,0,0,0,1,0,0,0,0,0,0,0
r1_CTCGGCCGGGCA,0,0,0,0,0,0,0,0,1,0,0,0,0,0,0,0,0,0,0,0,0
r1_CTTTCGCGCGGG,0,0,0,0,0,0,0,0,0,0,0,0,0,0,0,0,1,0,0,0,0
r1_CCCCCGCTTTGA,0,0,0,0,0,0,0,0,0,1,0,0,0,0,0,0,0,0,0,0,0
r1_ACATCAACGCTG,0,0,0,1,0,0,0,0,0,0,0,0,0,0,0,0,0,0,0,0,0
r1_ATGAGCTTTAGC,0,0,0,0,1,0,0,0,0,0,0,0,0,0,0,0,0,0,0,0,0
r1_TGATTCTTTGTG,0,0,0,0,0,0,0,0,0,0,0,0,0,0,0,0,0,0,0,1,0
r1_TTTGCATTCGTT,0,0,0,1,0,0,0,0,0,0,0,0,0,0,0,0,0,0,0,0,0
r1_TAGGTTACGAGA,0,0,0,0,0,0,0,0,0,0,0,0,0,0,0,0,0,1,0,0,0
r1_GATCGTCTTGAC,0,0,0,0,0,0,0,0,0,0,0,0,0,1,0,0,0,0,0,0,0
r1_CTCAATCTAGGT,0,0,0,0,0,0,0,0,0,0,0,0,0,0,0,1,0,0,0,0,0
r1_GACTCTTTTGAT,0,0,0,0,0,0,1,0,0,0,0,0,0,0,0,0,0,0,0,0,0
r1_CCCACTCGTCTA,0,0,0,0,0,0,0,1,0,0,0,0,0,0,0,0,0,0,0,0,0
r1_GCGTGGCCTTGT,0,0,0,0,0,0,0,0,1,0,0,0,0,0,0,0,0,0,0,0,0
r1_GTGACTTCTCCT,0,0,1,0,0,0,0,0,0,0,0,0,0,0,0,0,0,0,0,0,0
r1_CTCCTTGAACCA,0,0,0,0,1,0,0,0,0,0,0,0,0,0,0,0,0,0,0,0,0
r1_AACAGTGTTTCC,0,0,0,0,0,0,0,0,0,0,0,0,0,1,0,0,0,0,0,0,0
r1_GGATCACAGCAG,0,1,0,0,0,0,0,0,0,0,0,0,0,0,0,0,0,0,0,0,0
r1_GATGGATACAAA,0,0,0,0,0,0,0,1,0,0,0,0,0,0,0,0,0,0,0,0,0
r1_CCTGCGTCTGTA,0,0,0,0,0,0,1,0,0,0,0,0,0,0,0,0,0,0,0,0,0
r1_TCATAGTGCTTT,0,0,0,0,1,0,0,0,0,0,0,0,0,0,0,0,0,0,0,0,0
r1_ACTGTTATACTG,0,0,0,0,0,0,0,0,0,0,0,0,0,0,0,0,0,0,0,0,1
r1_TTTACGCAAATC,0,0,0,0,0,0,0,0,0,1,0,0,0,0,0,0,0,0,0,0,0
r1_TGCCCGCTGCTC,0,0,0,0,0,0,0,0,0,0,0,0,0,0,0,0,0,0,0,1,0
r1_GATGGGCTACTG,0,0,0,0,0,0,1,0,0,0,0,0,0,0,0,0,0,0,0,0,0
r1_AGTGCCCACAGA,0,0,0,0,0,0,0,0,0,0,0,0,1,0,0,0,0,0,0,0,0
r1_CCCGTATGAGAG,0,0,0,0,0,0,0,0,0,0,0,0,0,0,1,0,0,0,0,0,0
r1_TCCAAGTGAAGT,0,0,0,0,0,0,0,0,0,0,1,0,0,0,0,0,0,0,0,0,0
r1_CTTATTGAACTG,0,0,0,0,0,0,0,0,0,0,0,0,0,0,1,0,0,0,0,0,0
r1_TCTGCCAAATAT,0,0,0,0,1,0,0,0,0,0,0,0,0,0,0,0,0,0,0,0,0
r1_GACTTATGGTGA,0,0,0,1,0,0,0,0,0,0,0,0,0,0,0,0,0,0,0,0,0
r1_ATACTATTTTCC,0,1,0,0,0,0,0,0,0,0,0,0,0,0,0,0,0,0,0,0,0
r1_TCCCCAAATATC,0,0,0,0,0,0,1,0,0,0,0,0,0,0,0,0,0,0,0,0,0
r1_CTGATGACGTTG,0,1,0,0,0,0,0,0,0,0,0,0,0,0,0,0,0,0,0,0,0
r1_GCCTTTTCATGT,0,0,0,0,0,0,0,0,0,0,0,0,0,0,0,1,0,0,0,0,0
r1_GCGCTGCCGTCT,0,0,0,0,0,0,0,0,0,1,0,0,0,0,0,0,0,0,0,0,0
r1_CGGTGTCCATGC,0,0,0,1,0,0,0,0,0,0,0,0,0,0,0,0,0,0,0,0,0
r1_CCGGTATCCTCA,0,0,0,0,1,0,0,0,0,0,0,0,0,0,0,0,0,0,0,0,0
r1_CCAGCACGAGTA,0,0,0,0,0,0,0,0,0,0,0,1,0,0,0,0,0,0,0,0,0
r1_TTACCTCAGCGT,0,0,0,1,0,0,0,0,0,0,0,0,0,0,0,0,0,0,0,0,0
r1_TAGACTTTCAAG,0,0,0,0,0,0,0,0,0,0,0,0,0,0,0,0,0,0,1,0,0
r1_GGCCGGTACACT,0,0,0,0,1,0,0,0,0,0,0,0,0,0,0,0,0,0,0,0,0
r1_CCCTTCACTACT,0,0,0,0,0,0,0,1,0,0,0,0,0,0,0,0,0,0,0,0,0
r1_CGACCTGGACCC,0,0,0,0,0,0,0,0,0,0,0,1,0,0,0,0,0,0,0,0,0
r1_ATCGTGCGGACC,0,0,0,0,0,0,0,1,0,0,0,0,0,0,0,0,0,0,0,0,0
r1_GACGAGCGCACG,0,0,0,0,0,0,0,0,0,0,0,1,0,0,0,0,0,0,0,0,0
r1_CCGAGAGGTGTT,0,0,0,0,1,0,0,0,0,0,0,0,0,0,0,0,0,0,0,0,0
r1_GACTCAAAATTC,0,0,0,0,0,0,0,0,1,0,0,0,0,0,0,0,0,0,0,0,0
r1_TCTCCCTTAACC,0,0,0,1,0,0,0,0,0,0,0,0,0,0,0,0,0,0,0,0,0
r1_CAGACAGCCCCT,0,0,0,0,0,0,0,0,0,0,0,1,0,0,0,0,0,0,0,0,0
r1_CGTTAGGCACTC,0,0,0,0,0,0,0,0,0,0,0,0,0,0,1,0,0,0,0,0,0
r1_GATGGCTAGATC,0,0,0,0,0,0,0,0,0,0,0,0,0,0,1,0,0,0,0,0,0
r1_TCCTCTACACTC,0,0,0,0,0,0,0,0,0,0,0,0,0,0,1,0,0,0,0,0,0
r1_GGACGGAGTAGA,0,0,0,0,0,0,0,0,0,0,0,0,0,0,1,0,0,0,0,0,0
r1_ACAGTGACAGTC,0,0,0,0,0,0,0,0,0,0,0,0,0,1,0,0,0,0,0,0,0
r1_TTCCGGTGAACC,0,0,0,0,0,1,0,0,0,0,0,0,0,0,0,0,0,0,0,0,0
r1_CGGGAGGTCGAC,0,0,0,0,1,0,0,0,0,0,0,0,0,0,0,0,0,0,0,0,0
r1_TATATATTGGAT,0,0,0,0,0,0,1,0,0,0,0,0,0,0,0,0,0,0,0,0,0
r1_ATAACCGTAATA,0,0,0,0,0,0,0,0,0,0,0,0,0,0,1,0,0,0,0,0,0
r1_GAATTGCATAGC,1,0,0,0,0,0,0,0,0,0,0,0,0,0,0,0,0,0,0,0,0
r1_CCTGCAGGATTG,0,0,0,0,1,0,0,0,0,0,0,0,0,0,0,0,0,0,0,0,0
r1_GATTGCGAGTTT,0,0,0,0,0,0,0,0,0,0,0,0,0,1,0,0,0,0,0,0,0
r1_CAGCGGCCGTCA,0,0,0,0,0,0,0,0,0,0,0,0,0,0,0,0,0,0,0,0,1
r1_ATCCCACAAAGT,0,0,0,0,0,0,0,0,0,0,0,0,0,0,1,0,0,0,0,0,0
r1_GGGTGAGCCCCC,0,0,0,0,0,0,0,0,0,0,0,0,0,1,0,0,0,0,0,0,0
r1_AGGGAATGATTT,0,0,0,0,0,0,0,0,0,0,0,1,0,0,0,0,0,0,0,0,0
r1_CATCGGGCATTG,1,0,0,0,0,0,0,0,0,0,0,0,0,0,0,0,0,0,0,0,0
r1_CTGTCATTTTTT,0,0,0,0,0,0,0,0,0,1,0,0,0,0,0,0,0,0,0,0,0
r1_GTACCTGGAACA,0,0,0,0,0,0,0,0,0,0,1,0,0,0,0,0,0,0,0,0,0
r1_ATACCAACGTTC,0,0,0,0,0,0,0,0,0,0,0,0,0,0,1,0,0,0,0,0,0
r1_CGAACGCCTACG,0,0,1,0,0,0,0,0,0,0,0,0,0,0,0,0,0,0,0,0,0
r1_TCTGGAAGAACA,0,0,0,0,0,0,0,0,0,0,0,0,0,0,0,0,0,0,0,0,1
r1_ACAGATTTCGGC,0,0,0,1,0,0,0,0,0,0,0,0,0,0,0,0,0,0,0,0,0
r1_TTATCATGCCGG,0,0,0,0,0,0,1,0,0,0,0,0,0,0,0,0,0,0,0,0,0
r1_ATCTTAATATTA,0,0,0,0,0,0,0,0,0,0,0,0,0,0,0,0,1,0,0,0,0
r1_CAGTATAATGTT,0,0,0,0,0,0,0,0,1,0,0,0,0,0,0,0,0,0,0,0,0
r1_GAGGAGAGACGG,0,0,0,0,0,0,0,0,0,0,0,0,0,1,0,0,0,0,0,0,0
r1_CGATGGAGTGGC,0,0,0,1,0,0,0,0,0,0,0,0,0,0,0,0,0,0,0,0,0
r1_TTCTCCTGTAAG,0,0,0,0,1,0,0,0,0,0,0,0,0,0,0,0,0,0,0,0,0
r1_TGTGGCTCGGGA,0,0,0,0,0,0,0,0,0,0,0,0,0,0,1,0,0,0,0,0,0
r1_AGTGATATAACT,0,0,0,0,0,0,0,0,0,0,0,0,1,0,0,0,0,0,0,0,0
r1_GTGCCTAGGGTG,0,0,0,0,0,0,0,0,1,0,0,0,0,0,0,0,0,0,0,0,0
r1_TGTAAATAAAAT,1,0,0,0,0,0,0,0,0,0,0,0,0,0,0,0,0,0,0,0,0
r1_TAATCGCGGTGT,0,0,0,0,0,0,0,0,0,0,0,0,0,0,1,0,0,0,0,0,0
r1_TATAGGACACTG,0,0,0,0,0,0,1,0,0,0,0,0,0,0,0,0,0,0,0,0,0
r1_CCGCATGCACAG,0,0,0,0,0,0,0,0,0,0,0,0,0,0,1,0,0,0,0,0,0
r1_TAGTCATGATGC,0,0,0,0,0,0,0,0,0,0,0,1,0,0,0,0,0,0,0,0,0
r1_ATACAGGCCCCG,0,0,0,0,0,0,0,0,0,0,0,0,0,0,1,0,0,0,0,0,0
r1_ATCCTGAATGCA,0,0,0,0,0,0,0,0,0,1,0,0,0,0,0,0,0,0,0,0,0
r1_CCCGGGCAATGT,0,0,0,0,1,0,0,0,0,0,0,0,0,0,0,0,0,0,0,0,0
r1_TTGCCTCCAGCA,0,0,0,0,0,0,0,0,0,0,0,0,0,0,1,0,0,0,0,0,0
r1_CTTATCGCCTAT,0,0,0,0,0,0,0,0,0,0,0,0,0,0,0,0,0,0,0,1,0
r1_AAACCACGATGG,0,0,0,1,0,0,0,0,0,0,0,0,0,0,0,0,0,0,0,0,0
r1_ATTCAAGGGTCG,0,0,0,0,0,0,1,0,0,0,0,0,0,0,0,0,0,0,0,0,0
r1_GCATCTGCAAAT,0,0,0,0,0,0,0,0,0,0,0,0,0,0,0,0,0,1,0,0,0
r1_CTTCCTCCACTC,0,0,0,0,0,0,0,0,0,0,0,0,0,1,0,0,0,0,0,0,0
r1_TTTCCGTCGGGT,0,0,0,0,1,0,0,0,0,0,0,0,0,0,0,0,0,0,0,0,0
r1_CGACCTTCAGAA,0,0,0,0,0,0,0,0,0,0,0,0,0,1,0,0,0,0,0,0,0
r1_CCCTTTCCTATG,0,0,0,0,0,0,0,0,1,0,0,0,0,0,0,0,0,0,0,0,0
r1_GGGGTTGGCTCT,0,0,0,0,0,0,0,0,0,0,0,0,0,0,0,0,0,0,1,0,0
r1_TGAGAGATCTTG,0,0,0,0,0,0,0,0,0,0,0,0,0,0,1,0,0,0,0,0,0
r1_GGAATACTGCTG,0,0,0,0,0,0,0,0,0,0,0,0,0,0,1,0,0,0,0,0,0
r1_AGTCGTTGGTCG,0,0,0,0,0,0,0,0,0,0,0,0,0,0,1,0,0,0,0,0,0
r1_GACCTATTAAAA,0,0,0,0,0,0,0,0,0,0,0,0,0,0,0,0,0,0,0,1,0
r1_GTATACCCTAAG,0,0,0,0,0,1,0,0,0,0,0,0,0,0,0,0,0,0,0,0,0
r1_GTCACTCTACAA,0,0,0,0,0,0,0,0,1,0,0,0,0,0,0,0,0,0,0,0,0
r1_CTATTGGTATGT,0,0,0,0,0,0,1,0,0,0,0,0,0,0,0,0,0,0,0,0,0
r1_CATATCGGGGCA,0,0,0,0,0,1,0,0,0,0,0,0,0,0,0,0,0,0,0,0,0
r1_CAGCTGGAGATG,0,0,0,0,0,1,0,0,0,0,0,0,0,0,0,0,0,0,0,0,0
r1_CTAGAATTTGGT,0,0,0,0,0,0,0,0,0,0,0,0,0,0,0,0,0,0,0,1,0
r1_CTGCTGTAATCC,0,0,0,0,0,0,0,0,0,0,0,0,0,0,0,0,0,0,0,0,1
r1_GAAACCGAGCTT,0,0,0,0,0,0,0,1,0,0,0,0,0,0,0,0,0,0,0,0,0
r1_CCCAGGTTAATA,0,0,0,0,0,0,0,0,0,1,0,0,0,0,0,0,0,0,0,0,0
r1_CGTGGTCCCTTT,0,0,0,0,0,0,0,0,0,1,0,0,0,0,0,0,0,0,0,0,0
r1_CCGTCACTGATT,0,0,0,0,0,1,0,0,0,0,0,0,0,0,0,0,0,0,0,0,0
r1_TAAATTAACGCG,0,1,0,0,0,0,0,0,0,0,0,0,0,0,0,0,0,0,0,0,0
r1_TAGCCAGTTTCC,0,0,0,0,0,0,0,0,0,1,0,0,0,0,0,0,0,0,0,0,0
r1_GAGGTCGTGATT,0,0,0,0,0,0,0,0,0,0,0,0,0,0,1,0,0,0,0,0,0
r1_AACCATCTTAAT,0,0,0,0,0,0,0,0,0,0,0,0,0,0,0,0,0,0,1,0,0
r1_ATTACTGTTAGC,0,0,0,0,0,0,0,0,0,0,0,0,0,0,1,0,0,0,0,0,0
r1_AGGCATCACCTC,0,1,0,0,0,0,0,0,0,0,0,0,0,0,0,0,0,0,0,0,0
r1_TTACTGAAGACG,0,0,0,0,0,0,0,0,0,0,0,0,0,0,0,0,1,0,0,0,0
r1_CTCAGCCGTAAT,0,0,0,0,0,1,0,0,0,0,0,0,0,0,0,0,0,0,0,0,0
r1_GATACCGCTTGT,0,0,0,0,0,0,1,0,0,0,0,0,0,0,0,0,0,0,0,0,0
r1_TAGTACGGGTCC,0,0,0,1,0,0,0,0,0,0,0,0,0,0,0,0,0,0,0,0,0
r1_TCAGGCACGCTT,0,0,0,0,0,0,1,0,0,0,0,0,0,0,0,0,0,0,0,0,0
r1_CTACTTGAAACG,0,0,0,0,0,0,0,0,0,0,0,0,0,0,1,0,0,0,0,0,0
r1_AACGTGCAATTT,0,0,0,1,0,0,0,0,0,0,0,0,0,0,0,0,0,0,0,0,0
r1_TGGACCCGACCT,0,0,0,0,0,0,0,0,0,0,0,0,0,0,1,0,0,0,0,0,0
r1_AGGTCAATGGAT,0,0,0,0,0,0,0,0,0,0,0,0,0,0,1,0,0,0,0,0,0
r1_GCCCGAACGTTA,0,0,0,0,0,0,0,0,0,0,0,0,0,0,1,0,0,0,0,0,0
r1_ACAAGGCAGTGA,0,0,0,1,0,0,0,0,0,0,0,0,0,0,0,0,0,0,0,0,0
r1_TGTATATTGACG,0,0,0,0,0,0,0,0,0,0,0,0,0,0,1,0,0,0,0,0,0
r1_CCGCGCTTACCC,0,0,0,0,0,0,0,1,0,0,0,0,0,0,0,0,0,0,0,0,0
r1_TTCCCGCGTTTA,0,0,0,0,0,0,0,0,0,0,1,0,0,0,0,0,0,0,0,0,0
r1_AGAGGGGAATTT,0,0,0,0,0,0,0,0,0,0,0,0,0,0,0,0,0,0,1,0,0
r1_TCGCGTCTCCGG,0,0,1,0,0,0,0,0,0,0,0,0,0,0,0,0,0,0,0,0,0
r1_CGTGGGTAATCT,0,0,0,0,0,0,0,0,0,0,0,0,0,1,0,0,0,0,0,0,0
r1_CACTTTTAATGA,0,0,0,0,0,0,0,0,0,0,0,0,0,0,1,0,0,0,0,0,0
r1_CATGCCTACCAC,0,0,0,0,0,0,0,0,0,0,0,0,0,1,0,0,0,0,0,0,0
r1_CCCTCCTCACGT,0,0,0,0,0,0,0,0,0,0,0,0,0,0,0,0,0,1,0,0,0
r1_ATGTGATGGAGT,0,0,0,0,0,0,0,1,0,0,0,0,0,0,0,0,0,0,0,0,0
r1_TCACGCGAAAGA,0,0,0,0,0,0,0,0,0,1,0,0,0,0,0,0,0,0,0,0,0
r1_GACTGACATGGG,0,0,0,1,0,0,0,0,0,0,0,0,0,0,0,0,0,0,0,0,0
r1_GAGACAATGAAG,0,0,0,0,0,0,0,0,0,0,0,0,0,0,0,0,0,0,0,0,1
r1_CCTAAGATCCTG,0,0,0,0,0,0,0,0,0,0,0,0,0,0,0,0,0,0,0,0,1
r1_AAATTGCAGTAG,0,0,0,0,0,0,0,0,0,0,0,0,0,0,0,0,0,0,0,1,0
r1_AATGGATCGGGG,0,0,0,0,0,0,0,0,0,0,0,0,0,0,0,0,0,0,1,0,0
r1_TTCGCCCGCCTT,0,0,0,0,0,0,0,0,0,0,0,0,0,0,0,0,0,0,1,0,0
r1_AAACGGCTCTTC,0,0,1,0,0,0,0,0,0,0,0,0,0,0,0,0,0,0,0,0,0
r1_GTATCCTTTAGC,0,0,0,0,0,0,0,0,0,0,0,0,0,0,0,1,0,0,0,0,0
r1_CTACGGCTATGG,0,0,0,1,0,0,0,0,0,0,0,0,0,0,0,0,0,0,0,0,0
r1_ACGCAAGATAGG,0,0,0,0,0,0,0,0,0,1,0,0,0,0,0,0,0,0,0,0,0
r1_TAATACTCAATC,0,0,0,0,0,0,0,0,0,0,0,0,0,0,0,0,1,0,0,0,0
r1_CGGCTTATGCAT,0,0,0,0,0,0,0,0,0,0,0,0,0,0,0,0,0,1,0,0,0
r1_GTATCATAAAAG,0,1,0,0,0,0,0,0,0,0,0,0,0,0,0,0,0,0,0,0,0
r1_CCGTTTGTCGCC,0,0,0,0,0,0,0,0,0,0,0,0,0,0,0,0,0,0,0,1,0
r1_GATCAATTCAAA,0,0,0,0,0,0,0,0,0,0,0,0,0,0,0,0,0,0,0,1,0
r1_CACGCCTTAGTT,0,0,0,0,0,0,0,0,0,0,0,0,0,0,0,0,0,0,0,0,1
r1_TGACAGTGGTGC,0,0,0,0,0,0,0,0,0,1,0,0,0,0,0,0,0,0,0,0,0
r1_AGGCGTTAAGCT,0,0,0,0,0,0,0,0,0,0,0,0,0,1,0,0,0,0,0,0,0
r1_TAATGGTCTGTG,0,0,0,0,1,0,0,0,0,0,0,0,0,0,0,0,0,0,0,0,0
r1_ACTCTATACGCA,0,0,0,0,0,0,0,0,0,1,0,0,0,0,0,0,0,0,0,0,0
r1_GACCTGTCTTAC,0,0,0,0,0,0,0,0,0,0,0,0,1,0,0,0,0,0,0,0,0
r1_CCCACTATCTAA,0,0,0,0,0,0,0,0,0,0,0,0,0,0,0,0,0,0,1,0,0
r1_AGGGCTCACTAT,0,0,0,1,0,0,0,0,0,0,0,0,0,0,0,0,0,0,0,0,0
r1_CCAAAAGGTGGA,0,0,0,0,0,0,0,0,0,0,0,0,0,0,0,0,0,0,0,0,1
r1_GTATGCTGCGTT,0,0,0,0,1,0,0,0,0,0,0,0,0,0,0,0,0,0,0,0,0
r1_GAGTATTGGGTC,0,0,0,0,0,0,1,0,0,0,0,0,0,0,0,0,0,0,0,0,0
r1_TCGCGGATACAT,0,0,0,0,0,1,0,0,0,0,0,0,0,0,0,0,0,0,0,0,0
r1_TCGGGCCGTGAG,0,0,0,0,0,0,0,0,0,0,0,0,0,0,0,0,0,1,0,0,0
r1_TCATTTTGCAGT,0,0,0,0,0,0,0,0,0,0,0,0,0,0,0,0,0,1,0,0,0
r1_TGGAGCGATTTA,0,0,0,0,0,0,0,0,0,0,0,0,0,0,1,0,0,0,0,0,0
r1_CCCCTAGACGGT,0,0,0,0,0,0,0,0,1,0,0,0,0,0,0,0,0,0,0,0,0
r1_CGCGCTATCTTG,0,0,0,0,0,0,0,0,0,0,0,0,0,0,0,0,0,1,0,0,0
r1_TACACATTGTGT,0,0,0,0,0,0,0,0,0,0,0,0,0,0,1,0,0,0,0,0,0
r1_TGGCGTTTGCTA,0,0,0,0,0,1,0,0,0,0,0,0,0,0,0,0,0,0,0,0,0
r1_AGGCTGATGACG,0,0,0,0,0,0,0,1,0,0,0,0,0,0,0,0,0,0,0,0,0
r1_ACGATTACTTAG,0,0,0,0,0,0,0,0,0,0,0,0,0,0,0,1,0,0,0,0,0
r1_AGTTTCGCTTAG,0,0,0,0,1,0,0,0,0,0,0,0,0,0,0,0,0,0,0,0,0
r1_GATCAACCAGCA,0,0,0,0,0,0,0,1,0,0,0,0,0,0,0,0,0,0,0,0,0
r1_CATCCCTTTACT,0,0,0,0,0,0,0,0,0,0,0,0,0,0,0,0,0,0,0,0,1
r1_GTAAGTGGTTAG,0,0,0,0,0,0,0,0,0,1,0,0,0,0,0,0,0,0,0,0,0
r1_CGATAGCCTGAC,0,0,0,0,0,0,0,0,1,0,0,0,0,0,0,0,0,0,0,0,0
r1_TCAGCACGCTAA,0,0,0,0,0,0,0,0,0,0,0,0,0,0,0,0,0,0,0,0,1
r1_GCTTTAATAGGT,1,0,0,0,0,0,0,0,0,0,0,0,0,0,0,0,0,0,0,0,0
r1_CCTTACTAAATG,0,0,0,0,0,0,1,0,0,0,0,0,0,0,0,0,0,0,0,0,0
r1_AAGCGAGTTTCG,0,0,0,0,0,0,0,0,0,0,0,0,0,0,1,0,0,0,0,0,0
r1_CGAAAGGTTCCC,0,0,0,0,0,0,0,0,0,1,0,0,0,0,0,0,0,0,0,0,0
r1_AATCCTTCCTGC,0,0,0,0,0,0,0,0,0,0,0,0,0,0,0,0,0,1,0,0,0
r1_ACCACCTACGTC,1,0,0,0,0,0,0,0,0,0,0,0,0,0,0,0,0,0,0,0,0
r1_CGATACTCCCAG,0,0,0,0,0,0,0,1,0,0,0,0,0,0,0,0,0,0,0,0,0
r1_ACATCACCTGGA,0,0,0,0,0,0,0,0,0,0,0,0,0,0,0,0,0,0,1,0,0
r1_TCACGCGCAACC,0,0,0,0,0,0,0,0,0,0,0,0,0,0,0,0,0,0,1,0,0
r1_CGGTTGGCGGGG,0,0,1,0,0,0,0,0,0,0,0,0,0,0,0,0,0,0,0,0,0
r1_ACGCGGCTAGGA,0,0,0,0,0,0,0,0,0,0,0,0,0,0,1,0,0,0,0,0,0
r1_AGATGAAGAAGT,0,0,0,0,1,0,0,0,0,0,0,0,0,0,0,0,0,0,0,0,0
r1_TAACAACGTGGT,1,0,0,0,0,0,0,0,0,0,0,0,0,0,0,0,0,0,0,0,0
r1_AGTGGCAGCCCT,0,0,0,0,0,0,0,0,0,0,0,0,0,0,1,0,0,0,0,0,0
r1_GCGCTGTATTGC,0,0,0,0,0,0,0,0,0,0,0,0,0,0,0,0,0,0,1,0,0
r1_GCAAACTTCGAA,0,0,0,0,0,0,0,0,0,0,0,0,0,0,0,0,1,0,0,0,0
r1_GCAAATAGGCAC,0,0,0,0,0,0,0,1,0,0,0,0,0,0,0,0,0,0,0,0,0
r1_GAGCATAGCACT,0,0,0,0,0,0,0,0,0,0,0,0,0,0,0,1,0,0,0,0,0
r1_AAGGTGCAGGTT,0,0,0,0,0,0,0,0,0,0,0,0,0,0,0,0,0,0,0,0,1
r1_TTTTTAAACCTA,0,0,0,0,0,0,0,0,0,1,0,0,0,0,0,0,0,0,0,0,0
r1_GAAGTCCAATGC,0,0,0,0,0,0,0,0,0,0,0,0,0,0,1,0,0,0,0,0,0
r1_GAACATAATTAT,0,0,0,0,0,0,0,0,0,0,0,0,0,1,0,0,0,0,0,0,0
r1_GTTATGTAGATC,0,0,0,0,0,0,0,0,0,0,0,0,0,0,0,0,0,1,0,0,0
r1_TTCAACTACCCG,0,0,0,0,0,0,0,0,0,0,0,0,0,0,0,0,0,1,0,0,0
r1_CAGCCGTGTACC,0,0,0,0,0,0,0,0,0,0,0,0,0,0,0,0,0,0,1,0,0
r1_TAACAGGAGCAG,0,0,0,0,0,0,0,1,0,0,0,0,0,0,0,0,0,0,0,0,0
r1_CGAGGCTAGTGC,0,1,0,0,0,0,0,0,0,0,0,0,0,0,0,0,0,0,0,0,0
r1_TAGCGATGTCGT,0,0,0,0,0,0,0,0,1,0,0,0,0,0,0,0,0,0,0,0,0
r1_GCGGCATAACTG,0,0,0,0,0,0,0,0,0,0,0,0,0,0,0,0,0,0,0,0,1
r1_GGGCCTACTTGC,0,0,0,0,0,0,0,0,0,0,0,0,0,0,0,0,0,0,1,0,0
r1_AGACCAATGAAT,0,0,0,0,0,0,0,0,0,0,0,0,0,0,1,0,0,0,0,0,0
r1_CATTATCTAGCA,0,0,0,0,0,0,0,0,0,0,0,0,0,0,0,0,0,0,0,0,1
r1_CGGTTACCTTTA,0,0,0,0,0,0,0,0,0,0,0,0,0,0,0,0,0,1,0,0,0
r1_ATTCCTTTGCCA,0,0,0,0,0,0,0,0,0,0,0,0,0,0,0,0,0,0,1,0,0
r1_TTCTACATGCGA,0,0,0,0,0,0,0,0,0,0,0,0,0,0,0,0,0,1,0,0,0
r1_TATTGGAGCACT,0,0,0,0,0,0,0,0,0,0,0,0,0,0,0,0,0,0,0,1,0
r1_CTATCCATGTGA,0,0,0,0,0,0,0,0,0,0,0,0,0,0,1,0,0,0,0,0,0
r1_ATAGCCGCAATG,0,0,0,0,0,0,0,0,1,0,0,0,0,0,0,0,0,0,0,0,0
r1_TCTACCCTGTAC,0,0,0,0,0,0,0,0,0,0,0,0,0,0,1,0,0,0,0,0,0
r1_TGCATCCCAGAC,0,0,0,0,0,0,0,0,0,0,0,0,0,0,0,0,0,0,1,0,0
r1_CCGGAGAAGGAG,0,0,0,0,0,0,0,0,0,0,0,0,0,0,1,0,0,0,0,0,0
r1_TATCTAGGTCAT,0,0,0,0,0,0,0,0,0,0,0,0,0,0,0,0,0,0,0,1,0
r1_TTGGTTTTGCGG,0,0,0,0,0,0,0,0,0,0,0,0,0,0,0,1,0,0,0,0,0
r1_CCGGATATACGC,0,0,0,0,0,0,0,0,0,0,0,0,0,0,0,0,0,1,0,0,0
r1_CGTGTCGTATAA,0,0,0,1,0,0,0,0,0,0,0,0,0,0,0,0,0,0,0,0,0
r1_GTGACGGCCTGT,0,0,0,0,0,0,0,0,0,0,0,0,0,0,0,0,0,1,0,0,0
r1_CTGTATTCAACC,0,0,0,0,0,0,0,0,0,0,0,0,0,0,0,0,0,1,0,0,0
r1_AACGAATCTGGG,0,0,0,0,0,0,0,0,0,1,0,0,0,0,0,0,0,0,0,0,0
r1_TGCTATGAGCTC,0,0,0,0,0,0,0,0,0,0,0,0,0,0,0,1,0,0,0,0,0
r1_TAAGCGAAGGCT,0,0,0,0,0,0,0,0,0,0,0,0,0,0,1,0,0,0,0,0,0
r1_GCCCGGCCGCAA,0,0,0,0,0,0,0,1,0,0,0,0,0,0,0,0,0,0,0,0,0
r1_CTCGATCCTTGG,0,0,0,0,1,0,0,0,0,0,0,0,0,0,0,0,0,0,0,0,0
r1_TTATTCTACCCT,0,0,0,0,0,0,0,0,0,0,0,0,0,0,0,0,0,0,0,1,0
r1_TCGGGCTGCATC,0,0,0,0,0,0,0,0,0,0,0,0,0,0,0,0,0,1,0,0,0
r1_GATTCGATGCTA,0,0,0,0,0,0,0,0,0,0,0,0,0,0,0,0,0,0,1,0,0
r1_CCGGTGTTTGGG,0,0,0,0,0,0,0,0,0,0,0,0,0,0,0,0,1,0,0,0,0
r1_GTTCGTTGACAT,0,0,0,0,0,0,0,0,0,0,0,0,1,0,0,0,0,0,0,0,0
r1_TCGCATTTACCT,0,0,0,0,0,0,0,0,0,0,0,0,0,0,0,0,0,0,0,0,1
r1_TTATCTGGTGCT,0,0,0,0,0,0,0,0,1,0,0,0,0,0,0,0,0,0,0,0,0
r1_GATGCTCAGAGC,0,0,0,0,0,0,0,0,0,0,0,0,0,0,0,0,0,0,1,0,0
r1_ACTCGGCTCTTT,0,0,0,1,0,0,0,0,0,0,0,0,0,0,0,0,0,0,0,0,0
r1_ATTCTTAGGCTT,0,0,0,0,0,0,0,0,0,0,0,0,0,0,0,0,0,1,0,0,0
r1_CTTACGGTCACC,0,0,0,0,0,0,0,0,0,0,0,0,0,0,1,0,0,0,0,0,0
r1_TTTCTAGTCCAG,0,0,0,0,0,0,0,0,0,0,0,0,0,0,1,0,0,0,0,0,0
r1_TCAACTGTACGG,0,0,0,0,0,0,0,0,0,0,0,0,0,0,0,0,0,0,0,0,1
r1_GGAAGCCTATGA,0,0,0,0,0,0,0,0,0,0,0,0,0,0,0,0,0,0,1,0,0
r1_CTCAGTTTCAAG,0,0,0,0,0,0,1,0,0,0,0,0,0,0,0,0,0,0,0,0,0
r1_AGGAGCACGTGA,0,0,0,0,0,0,0,0,0,0,0,1,0,0,0,0,0,0,0,0,0
r1_GACTGTGAGTCA,0,0,0,0,0,0,0,0,0,0,0,0,0,1,0,0,0,0,0,0,0
r1_GATTTACTGGCA,0,0,0,0,0,0,0,0,0,0,0,0,0,0,0,0,0,1,0,0,0
r1_GTACGTCAAAGT,0,0,0,0,0,0,0,0,0,0,0,0,0,0,0,0,0,0,0,0,1
r1_TGCTTAGCCAGC,0,0,0,1,0,0,0,0,0,0,0,0,0,0,0,0,0,0,0,0,0
r1_CTGGGCCGAGGA,0,0,0,0,0,0,0,0,0,0,0,0,0,0,0,0,0,0,1,0,0
r1_GATTCGCCTGGC,0,0,0,0,0,0,0,1,0,0,0,0,0,0,0,0,0,0,0,0,0
r1_TCCGTTTCATCG,0,0,0,0,0,0,0,0,0,0,0,0,0,0,1,0,0,0,0,0,0
r1_TAGGTTGTACGG,0,0,0,0,0,0,0,0,0,0,0,0,0,0,0,0,0,0,0,1,0
r1_AATATCCTCGGC,0,0,0,0,0,0,0,0,1,0,0,0,0,0,0,0,0,0,0,0,0
r1_ATATTCTTACAC,0,0,0,0,0,0,0,0,0,0,0,0,0,0,0,0,0,1,0,0,0
r1_CTATATTCGAAT,0,0,0,0,0,0,0,0,0,0,0,0,0,0,1,0,0,0,0,0,0
r1_ACGGAACCATTG,0,0,0,0,0,0,0,0,0,0,0,0,1,0,0,0,0,0,0,0,0
r1_TCACACATGATT,0,0,0,0,0,0,0,0,0,0,0,0,0,0,0,0,0,0,0,0,1
r1_AAGCTGGTTGAG,0,0,0,0,0,0,0,0,0,0,0,0,0,0,0,0,0,0,1,0,0
r1_ATCAATGTTCCC,0,0,0,0,0,0,0,0,0,0,0,0,0,0,0,0,0,0,0,0,1
r1_ATTGGACCGAAG,0,0,0,0,1,0,0,0,0,0,0,0,0,0,0,0,0,0,0,0,0
r1_ATTCCTTATTGC,0,0,0,0,0,0,0,0,0,1,0,0,0,0,0,0,0,0,0,0,0
r1_CCGGACTACTTC,0,0,0,0,0,0,0,0,0,0,0,0,0,0,1,0,0,0,0,0,0
r1_CCCTACTTGGCC,0,0,0,0,0,1,0,0,0,0,0,0,0,0,0,0,0,0,0,0,0
r1_GCAGGACCGATG,0,0,0,0,0,0,0,0,0,0,0,0,0,0,1,0,0,0,0,0,0
r1_CACTAGCACGGC,0,0,0,0,0,0,0,0,0,0,0,0,0,0,1,0,0,0,0,0,0
r1_GCTTACGACGGT,0,0,0,0,0,0,0,0,0,0,0,0,0,0,0,0,0,1,0,0,0
r1_TACACACCGTTT,0,0,0,0,0,0,0,0,0,0,0,0,0,0,0,0,0,0,0,1,0
r1_TGCACCGAAGTA,0,0,0,0,0,0,0,0,0,0,0,0,0,0,1,0,0,0,0,0,0
r1_CCCGTGGCCTAG,0,0,0,0,0,0,0,0,0,0,0,0,0,0,1,0,0,0,0,0,0
r1_TTTGCAGCATCG,0,0,0,0,0,0,0,0,0,0,0,0,0,1,0,0,0,0,0,0,0
r1_GTTGGGTAGCAT,0,0,0,1,0,0,0,0,0,0,0,0,0,0,0,0,0,0,0,0,0
r1_CCGAACAAGTTA,0,0,0,0,0,0,0,1,0,0,0,0,0,0,0,0,0,0,0,0,0
r1_GTGTAGCCTTGA,0,0,0,0,0,0,0,0,0,0,0,0,0,0,0,0,0,0,0,0,1
r1_TGCCGCGAGAGC,0,0,0,0,0,1,0,0,0,0,0,0,0,0,0,0,0,0,0,0,0
r1_TAATGCTTTCCG,0,0,0,0,0,0,0,0,0,0,0,0,0,0,0,0,0,0,0,1,0
r1_TCGTAAATAGTT,0,0,0,0,0,0,0,0,0,0,0,0,0,0,1,0,0,0,0,0,0
r1_AGTTTTATGATT,0,0,0,0,0,0,0,0,0,0,0,0,0,0,0,0,0,1,0,0,0
r1_GTTTCAAGTATA,0,0,0,0,0,0,0,0,0,0,0,0,0,0,0,0,0,1,0,0,0
r1_ATCCGCGCTATC,0,0,0,0,0,0,0,0,0,0,0,0,0,0,0,0,0,0,0,1,0
r1_GACACCTCAGGG,0,0,0,0,0,0,0,0,0,0,0,0,0,0,0,0,0,0,0,1,0
r1_TACGAAAGTGAA,0,0,0,0,0,0,0,0,0,0,0,0,0,0,0,0,0,0,1,0,0
r1_CGCAATGCAAGT,0,0,0,0,0,0,0,0,0,0,0,0,0,0,0,0,0,0,1,0,0
r1_AATAGCAACAGA,1,0,0,0,0,0,0,0,0,0,0,0,0,0,0,0,0,0,0,0,0
r1_CGTTTCCAAAAT,0,0,0,0,0,0,0,0,0,0,0,0,0,0,0,0,1,0,0,0,0
r1_ATGGCGAGTGTA,0,0,0,0,0,0,0,0,0,0,0,0,0,0,0,0,0,0,0,1,0
r1_AACCCCCGGACG,0,0,0,0,0,0,0,0,0,0,0,0,0,1,0,0,0,0,0,0,0
r1_ACACTTTCGTCC,1,0,0,0,0,0,0,0,0,0,0,0,0,0,0,0,0,0,0,0,0
r1_ACGAGGCAGTTA,0,0,0,0,0,0,0,0,0,0,0,0,0,0,0,0,0,0,0,0,1
r1_CGCACTTATATG,0,0,0,0,0,0,0,0,0,0,0,0,0,0,0,0,0,0,1,0,0
r1_GCTTAATGCGAG,0,0,0,0,0,0,0,0,0,1,0,0,0,0,0,0,0,0,0,0,0
r1_GTCCCGTTTTTT,1,0,0,0,0,0,0,0,0,0,0,0,0,0,0,0,0,0,0,0,0
r1_AAGCGTGAAGGG,0,0,0,0,0,0,0,0,0,0,0,0,0,0,0,0,1,0,0,0,0
r1_AAATGTGTGCTA,0,0,0,0,0,0,0,1,0,0,0,0,0,0,0,0,0,0,0,0,0
r1_CAGTCGCTAGCT,0,0,0,0,0,0,1,0,0,0,0,0,0,0,0,0,0,0,0,0,0
r1_TACGAATCGTAT,0,0,0,0,0,0,0,0,0,0,0,0,0,0,0,0,0,0,1,0,0
r1_TTAGGGAGCTTC,0,0,0,0,0,0,0,0,0,0,0,0,0,0,0,0,0,1,0,0,0
r1_GTGTCCCACGCT,0,0,0,0,0,0,0,0,0,0,0,0,0,1,0,0,0,0,0,0,0
r1_ACCTTAAGAAGA,0,0,0,0,0,0,1,0,0,0,0,0,0,0,0,0,0,0,0,0,0
r1_TGACTACGTGCA,0,0,0,0,0,0,0,0,0,1,0,0,0,0,0,0,0,0,0,0,0
r1_TCCCTGGAGCGT,0,0,0,0,0,0,0,0,0,0,0,0,0,0,0,0,0,0,0,1,0
r1_ATTGCTGCAAGC,0,0,0,0,0,0,0,0,0,0,0,0,0,0,0,0,0,0,0,1,0
r1_CCCCCCAACAAC,0,0,0,0,0,0,0,0,0,0,0,0,0,0,0,0,0,0,0,0,1
r1_CTATAGAAGTCT,0,0,0,0,0,0,0,0,0,0,0,0,0,0,1,0,0,0,0,0,0
r1_TCATAGTATAGA,0,0,0,0,0,0,0,0,0,0,0,0,0,0,1,0,0,0,0,0,0
r1_GCGGATACGTGT,0,0,0,0,0,0,0,0,0,0,0,0,0,1,0,0,0,0,0,0,0
r1_GCGGAGACCTCA,0,0,0,0,0,0,0,0,0,0,0,0,0,0,1,0,0,0,0,0,0
r1_AGGACGATGGCT,0,0,0,0,0,0,0,0,0,0,0,0,0,1,0,0,0,0,0,0,0
r1_GCATCGGTAGTT,0,0,0,0,0,0,0,0,0,0,0,0,0,0,0,0,0,0,0,1,0
r1_ATCACGGGCTCC,0,0,0,0,0,0,0,0,0,0,0,0,0,0,0,0,0,0,0,0,1
r1_GTCTAATCGGTT,0,0,0,0,0,0,0,1,0,0,0,0,0,0,0,0,0,0,0,0,0
r1_CCAATCGCCGGG,0,0,0,0,0,0,0,0,0,0,0,0,0,0,0,0,0,1,0,0,0
r1_GGTTATCCGAGG,0,0,0,0,0,0,0,0,0,0,0,0,0,0,0,0,1,0,0,0,0
r1_TCGCGTCTCCGT,0,0,1,0,0,0,0,0,0,0,0,0,0,0,0,0,0,0,0,0,0
r1_AGATTGCACACC,0,0,0,0,0,0,0,0,0,0,0,0,0,0,0,0,0,1,0,0,0
r1_AGGAATAAGTTT,0,0,0,0,0,0,0,0,0,0,0,0,0,0,0,0,0,0,1,0,0
r1_CTGTAACCTCAG,0,0,0,0,0,0,0,0,1,0,0,0,0,0,0,0,0,0,0,0,0
r1_GTGGGCTGAACT,0,0,0,0,0,0,0,0,0,0,0,0,0,0,0,0,0,0,1,0,0
r1_GACTCAGCAAAT,0,0,0,0,0,0,0,0,0,0,0,0,0,0,0,0,0,1,0,0,0
r1_CCCGTAGCCATC,0,0,0,1,0,0,0,0,0,0,0,0,0,0,0,0,0,0,0,0,0
r1_GTTTAGTTCTCT,1,0,0,0,0,0,0,0,0,0,0,0,0,0,0,0,0,0,0,0,0
r1_GCAAGATGACAA,0,0,0,0,1,0,0,0,0,0,0,0,0,0,0,0,0,0,0,0,0
r1_GACCATTCTTCA,0,0,0,0,0,0,0,0,0,1,0,0,0,0,0,0,0,0,0,0,0
r1_CTCTATAAACCA,0,0,0,0,0,0,0,0,0,1,0,0,0,0,0,0,0,0,0,0,0
r1_GTTAGTTCAGTG,0,0,0,0,1,0,0,0,0,0,0,0,0,0,0,0,0,0,0,0,0
r1_GCCCTCATGTGA,0,0,0,0,0,0,0,0,0,1,0,0,0,0,0,0,0,0,0,0,0
r1_AACTATTCGCTT,0,0,0,0,0,0,0,0,0,0,0,0,0,0,1,0,0,0,0,0,0
r1_TAAGAACAGCTC,0,0,0,0,0,0,0,0,0,0,0,0,0,1,0,0,0,0,0,0,0
r1_TTGCTACTCCCT,0,0,0,0,0,0,0,0,0,0,0,0,0,0,0,0,0,0,1,0,0
r1_GGGTCCTAAAAT,0,0,0,0,0,0,0,0,0,0,0,0,0,0,0,0,0,0,0,0,1
r1_TCGGGATGATGT,1,0,0,0,0,0,0,0,0,0,0,0,0,0,0,0,0,0,0,0,0
r1_TTCGGCCATTCT,0,0,0,0,0,0,0,0,0,0,0,0,0,0,0,0,0,0,0,1,0
r1_ATCCACACGTTA,0,0,0,0,0,0,0,0,0,0,0,0,0,0,0,0,0,0,0,1,0
r1_TGTATTGTTGCG,0,0,0,0,0,0,0,0,1,0,0,0,0,0,0,0,0,0,0,0,0
r1_TCCGAAATGACT,0,0,0,0,0,0,0,0,0,0,0,0,0,1,0,0,0,0,0,0,0
r1_CGCATGAACATC,0,0,0,0,0,0,0,0,0,0,0,0,0,0,1,0,0,0,0,0,0
r1_CAGTCAGAGCGG,0,0,0,0,0,0,0,0,0,0,0,0,0,0,0,0,0,0,0,1,0
r1_ACCAAATCGAAG,0,0,1,0,0,0,0,0,0,0,0,0,0,0,0,0,0,0,0,0,0
r1_CTGTATAGATAG,0,0,0,0,0,0,0,0,0,0,0,0,0,0,0,0,0,1,0,0,0
r1_AGTTGCCGGTTT,0,0,0,1,0,0,0,0,0,0,0,0,0,0,0,0,0,0,0,0,0
r1_AGCTCGAGTGTG,0,0,0,0,0,0,0,0,1,0,0,0,0,0,0,0,0,0,0,0,0
r1_GTAGTACGATCT,0,0,0,0,0,0,0,0,0,0,0,0,0,0,0,0,0,1,0,0,0
r1_GTTTCACATCAG,0,0,0,0,0,0,0,0,0,0,0,0,0,0,1,0,0,0,0,0,0
r1_CCACTGGCGCAA,0,0,0,0,0,0,0,0,0,0,0,0,0,0,1,0,0,0,0,0,0
r1_AAGCTCCGCTAA,0,0,0,0,0,0,0,0,0,0,0,0,1,0,0,0,0,0,0,0,0
r1_GTGCCACATCAC,0,0,0,0,0,0,0,0,0,0,0,0,0,0,0,0,0,0,0,0,1
r1_TCCCCTACCCGG,0,0,0,0,0,0,0,0,0,0,0,0,0,0,0,0,0,1,0,0,0
r1_TACGTCAGATCG,0,0,0,0,0,0,0,0,0,0,1,0,0,0,0,0,0,0,0,0,0
r1_GAATACGTCCTG,0,0,0,0,0,0,0,0,0,1,0,0,0,0,0,0,0,0,0,0,0
r1_TACGATCCCGGT,0,0,0,0,0,0,0,0,0,0,0,0,0,0,0,0,0,0,0,1,0
r1_CCGGAACATTTC,0,0,0,0,0,0,0,0,0,0,0,0,0,0,0,0,0,1,0,0,0
r1_GCGCGGGTACCG,0,0,0,0,0,0,0,0,0,0,0,0,0,0,1,0,0,0,0,0,0
r1_CCATAAAAAGCT,0,0,0,0,0,0,0,0,0,0,0,0,0,0,0,0,0,0,1,0,0
r1_GTCTATTCGGAT,0,0,0,0,0,0,0,1,0,0,0,0,0,0,0,0,0,0,0,0,0
r1_TCATCTCCCCCA,0,0,0,0,0,0,0,0,0,0,0,0,0,0,0,0,1,0,0,0,0
r1_CGGCTGCCATTG,0,0,0,0,1,0,0,0,0,0,0,0,0,0,0,0,0,0,0,0,0
r1_GATATAACGAGT,0,0,0,0,0,0,0,0,0,1,0,0,0,0,0,0,0,0,0,0,0
r1_ACCAAATGAATC,0,0,0,0,0,0,0,0,0,1,0,0,0,0,0,0,0,0,0,0,0
r1_GACTTCGCTTGA,0,0,0,0,0,0,0,0,0,0,0,0,0,0,0,0,0,0,0,1,0
r1_TTTGATGACATT,0,0,0,0,0,0,0,0,0,0,0,0,0,0,0,0,1,0,0,0,0
r1_TTGGACACGAGT,0,0,0,0,0,0,0,0,0,0,0,0,0,0,0,0,0,1,0,0,0
r1_TTAAAATTGAGT,0,0,0,0,0,0,0,0,0,0,0,0,0,0,0,0,0,1,0,0,0
r1_TCGGTCGGCTTC,0,0,0,0,0,0,0,0,1,0,0,0,0,0,0,0,0,0,0,0,0
r1_TTCTGTTCGGGA,1,0,0,0,0,0,0,0,0,0,0,0,0,0,0,0,0,0,0,0,0
r1_TCTTGATGATCC,0,0,0,0,0,0,0,0,0,0,0,0,0,0,1,0,0,0,0,0,0
r1_TGTACTTGTCTC,0,0,0,1,0,0,0,0,0,0,0,0,0,0,0,0,0,0,0,0,0
r1_AAATATACCATT,0,0,0,0,0,0,0,0,1,0,0,0,0,0,0,0,0,0,0,0,0
r1_GTCCTTGCCGGC,0,0,0,0,0,0,0,0,0,0,0,0,0,0,1,0,0,0,0,0,0
r1_GTTCTCGGTATC,0,0,0,0,0,0,0,0,0,0,0,0,0,0,0,0,0,1,0,0,0
r1_GTCGAAGTTTGG,0,1,0,0,0,0,0,0,0,0,0,0,0,0,0,0,0,0,0,0,0
r1_AGTTCTAAGGCC,0,0,0,0,0,0,0,0,0,0,0,0,0,0,0,0,1,0,0,0,0
r1_TCGGCCCATGTT,0,0,0,0,0,0,0,0,0,0,0,0,0,0,0,0,0,1,0,0,0
r1_TACGGAGCTTCG,0,0,0,0,0,0,0,0,0,0,0,0,0,1,0,0,0,0,0,0,0
r1_CGTCGGTCAGAT,1,0,0,0,0,0,0,0,0,0,0,0,0,0,0,0,0,0,0,0,0
r1_TCCGTGTTCCGC,1,0,0,0,0,0,0,0,0,0,0,0,0,0,0,0,0,0,0,0,0
r1_ATTATAGTAAAC,0,0,0,1,0,0,0,0,0,0,0,0,0,0,0,0,0,0,0,0,0
r1_AGCTCGTGGTTC,0,0,0,0,0,0,0,0,0,0,0,0,0,0,0,0,0,0,1,0,0
r1_CAAATGCGAGCG,0,0,0,0,0,0,0,0,0,0,1,0,0,0,0,0,0,0,0,0,0
r1_ATATCATCGTAC,0,0,0,0,0,0,0,0,0,1,0,0,0,0,0,0,0,0,0,0,0
r1_GGGCTAAATGCG,0,0,0,0,0,0,0,0,0,0,0,0,0,0,0,0,0,1,0,0,0
r1_CTGGACTGGAAG,0,0,0,0,0,0,0,0,0,0,0,0,0,0,0,0,0,0,0,1,0
r1_TAAGTAACTTTT,0,0,0,0,0,0,0,1,0,0,0,0,0,0,0,0,0,0,0,0,0
r1_TAAGTAGGTCCT,0,0,0,0,0,0,0,1,0,0,0,0,0,0,0,0,0,0,0,0,0
r1_TTCCTTGGTCCG,0,0,0,0,0,0,0,0,0,0,0,0,0,0,0,0,0,1,0,0,0
r1_AAGGAATCATCA,0,0,0,0,0,0,0,0,1,0,0,0,0,0,0,0,0,0,0,0,0
r1_GTCCACATTGAG,0,0,0,0,1,0,0,0,0,0,0,0,0,0,0,0,0,0,0,0,0
r1_AGGGAAAGACGT,0,1,0,0,0,0,0,0,0,0,0,0,0,0,0,0,0,0,0,0,0
r1_CGCGGATTTCTT,0,0,0,0,1,0,0,0,0,0,0,0,0,0,0,0,0,0,0,0,0
r1_TCCTTGCTCCCT,0,0,0,0,0,0,0,0,0,0,0,0,0,0,0,0,0,0,1,0,0
r1_ATTATTAGAGCG,0,0,0,0,0,0,0,0,0,0,0,0,0,0,0,1,0,0,0,0,0
r1_TGAATTGCCAAT,0,0,0,0,0,0,0,0,0,0,0,0,0,0,0,0,0,0,1,0,0
r1_GTCGACGAGCGT,0,0,0,0,0,0,0,0,0,1,0,0,0,0,0,0,0,0,0,0,0
r1_TGACATGGAACC,0,0,0,0,0,0,0,0,0,0,0,0,0,0,0,0,0,1,0,0,0
r1_GATTATATGCGC,0,0,1,0,0,0,0,0,0,0,0,0,0,0,0,0,0,0,0,0,0
r1_TTTTTCTTTTTA,0,0,0,0,0,0,0,0,0,0,0,0,0,0,0,0,0,0,0,0,1
r1_GTCCGATTGCTT,0,0,0,0,0,1,0,0,0,0,0,0,0,0,0,0,0,0,0,0,0
r1_GAGTTCAACTCT,0,0,0,0,0,0,0,0,0,0,0,0,0,1,0,0,0,0,0,0,0
r1_ACATTTAGTCGA,0,0,0,0,0,1,0,0,0,0,0,0,0,0,0,0,0,0,0,0,0
r1_CCGAGAAAGGGT,1,0,0,0,0,0,0,0,0,0,0,0,0,0,0,0,0,0,0,0,0
r1_AACGTGAAAGCG,0,0,0,0,0,0,1,0,0,0,0,0,0,0,0,0,0,0,0,0,0
r1_TCTCACTTGCCT,0,0,0,0,0,0,0,0,0,0,0,0,0,0,0,0,0,0,0,1,0
r1_TAATTGTTGAGG,0,0,0,0,0,0,0,0,0,0,0,0,0,0,0,0,0,1,0,0,0
r1_ATCTGTACACGG,0,0,0,0,0,0,0,0,0,0,0,0,0,0,0,0,0,1,0,0,0
r1_GGTCACTACCTT,0,0,0,0,0,0,0,0,1,0,0,0,0,0,0,0,0,0,0,0,0
r1_TTAAGATGGTTG,0,0,0,0,0,0,0,0,0,1,0,0,0,0,0,0,0,0,0,0,0
r1_AACTGAAACTGA,0,0,0,0,0,0,0,0,0,0,0,0,0,0,0,0,0,1,0,0,0
r1_CCTGGGTTTAGA,0,0,0,0,0,1,0,0,0,0,0,0,0,0,0,0,0,0,0,0,0
r1_CAACGGGTAGCT,0,0,0,0,0,0,0,0,0,0,0,0,0,0,0,0,0,0,1,0,0
r1_TAGTATCCGTCA,0,0,0,0,0,0,0,0,0,0,0,0,0,0,0,0,0,0,0,1,0
r1_CTCGTCTTTTTG,0,0,0,0,0,0,0,0,0,1,0,0,0,0,0,0,0,0,0,0,0
r1_TCGCTTCACATC,0,0,0,0,0,0,0,0,0,0,0,0,0,0,0,0,0,0,0,1,0
r1_ATAGCGTTGACC,0,0,0,0,0,0,0,0,0,1,0,0,0,0,0,0,0,0,0,0,0
r1_TTCCATCCCACG,1,0,0,0,0,0,0,0,0,0,0,0,0,0,0,0,0,0,0,0,0
r1_CAGGAACCTCAG,0,0,0,0,0,0,0,0,0,0,0,0,0,1,0,0,0,0,0,0,0
r1_ATCAGTAACCCT,0,0,0,0,0,0,0,0,0,1,0,0,0,0,0,0,0,0,0,0,0
r1_CATCCCCGTACT,0,0,0,0,0,0,0,0,0,0,0,0,0,0,1,0,0,0,0,0,0
r1_AGCATCCCCGAT,0,0,0,1,0,0,0,0,0,0,0,0,0,0,0,0,0,0,0,0,0
r1_GATCGGAACATG,0,0,0,0,0,0,1,0,0,0,0,0,0,0,0,0,0,0,0,0,0
r1_ACCGCGTTCGCA,0,0,0,0,0,0,0,0,1,0,0,0,0,0,0,0,0,0,0,0,0
r1_GACCGGGGGCCA,0,0,0,0,0,0,0,0,0,0,0,0,0,0,0,0,0,0,0,1,0
r1_GCTATGGTGCCA,0,0,0,0,0,0,0,0,0,0,0,0,0,0,0,0,0,0,1,0,0
r1_TAAGGACGTCAC,0,0,0,0,0,0,0,0,0,0,0,0,1,0,0,0,0,0,0,0,0
r1_AAGGAACGTATG,0,0,0,0,0,0,0,0,0,0,0,0,0,0,0,0,1,0,0,0,0
r1_TCGATCTGAGGA,1,0,0,0,0,0,0,0,0,0,0,0,0,0,0,0,0,0,0,0,0
r1_CGCCCTACCACC,0,0,0,0,0,0,0,0,0,0,0,0,0,0,1,0,0,0,0,0,0
r1_ACGGATGCCCAG,0,0,0,0,0,0,0,0,0,1,0,0,0,0,0,0,0,0,0,0,0
r1_GCGCGGCACCGG,0,0,0,0,0,0,0,0,0,0,0,0,0,0,0,1,0,0,0,0,0
r1_CCGTACAAGCTT,0,0,0,0,0,0,0,0,0,0,0,0,0,0,0,0,0,1,0,0,0
r1_TATCCTGGCCCC,0,0,0,0,0,0,0,0,0,0,0,0,0,0,0,0,0,0,0,0,1
r1_GCGTTTCTAGCC,0,0,0,0,0,0,0,0,0,0,0,0,1,0,0,0,0,0,0,0,0
r1_TCTTGACCTTTG,0,0,0,0,0,0,0,0,0,1,0,0,0,0,0,0,0,0,0,0,0
r1_AAACTATGATAG,0,0,0,0,0,0,0,0,0,0,0,0,0,0,0,0,0,0,1,0,0
r1_CTGACGAGCACT,0,0,0,0,0,0,0,0,0,1,0,0,0,0,0,0,0,0,0,0,0
r1_CCGTTCCTTGGG,0,0,0,0,0,0,0,0,0,0,0,0,0,0,0,0,0,0,0,0,1
r1_GGGTGTCAGAGG,0,0,0,1,0,0,0,0,0,0,0,0,0,0,0,0,0,0,0,0,0
r1_GACTGCCACAAC,0,0,0,0,0,0,0,0,0,0,0,0,0,0,0,0,0,0,1,0,0
r1_AAGCATGAAATT,0,0,0,0,1,0,0,0,0,0,0,0,0,0,0,0,0,0,0,0,0
r1_GAGTGGAGCCCG,0,0,0,0,1,0,0,0,0,0,0,0,0,0,0,0,0,0,0,0,0
r1_CTGCGTCCCAGC,0,0,0,0,0,0,0,0,1,0,0,0,0,0,0,0,0,0,0,0,0
r1_ATATTATTGTTG,0,0,0,0,0,0,0,0,0,0,0,0,0,0,0,0,0,0,1,0,0
r1_ACCGGTGAGGCT,0,0,0,0,0,0,0,0,0,0,0,0,0,0,0,0,0,0,0,0,1
r1_GACACAGGAGCC,0,0,0,0,0,0,0,0,0,0,0,0,0,0,0,0,0,1,0,0,0
r1_CACTTAGGGTTA,0,0,0,0,0,0,0,0,0,0,0,0,0,0,0,0,0,0,0,1,0
r1_CCCTGAATATGC,0,0,0,0,0,0,0,0,1,0,0,0,0,0,0,0,0,0,0,0,0
r1_ACATATCCAGCC,0,1,0,0,0,0,0,0,0,0,0,0,0,0,0,0,0,0,0,0,0
r1_AAAAACGTCTAC,0,0,0,0,0,1,0,0,0,0,0,0,0,0,0,0,0,0,0,0,0
r1_ATAGCATCGGCC,0,0,0,0,0,0,0,0,0,0,0,0,0,0,0,0,0,1,0,0,0
r1_AGTTCTACGAGG,0,0,0,1,0,0,0,0,0,0,0,0,0,0,0,0,0,0,0,0,0
r1_ATGAGGGCTCCA,0,0,0,0,0,0,0,0,0,0,0,0,0,0,0,0,0,1,0,0,0
r1_CTGAATAGTCAA,0,0,0,0,0,0,0,0,0,0,0,0,0,0,0,0,0,0,0,1,0
r1_CTTAATGACTCT,0,0,0,0,0,0,0,0,0,0,0,0,0,0,0,0,0,1,0,0,0
r1_CACGGATACATT,0,0,0,0,0,0,0,0,0,1,0,0,0,0,0,0,0,0,0,0,0
r1_TAGTTAGCGAGA,0,0,0,0,0,0,0,0,0,0,0,0,0,0,1,0,0,0,0,0,0
r1_GAAGCCTGACTG,0,0,0,0,0,0,0,0,0,0,0,0,0,0,0,0,0,0,0,0,1
r1_CTTTCCTGAGTG,0,0,0,0,0,0,0,0,0,0,0,0,0,0,0,1,0,0,0,0,0
r1_ACAGAGGCATCT,0,0,0,0,0,0,0,0,0,0,0,0,0,0,1,0,0,0,0,0,0
r1_TATATAGTGCGA,0,0,0,0,0,0,0,0,0,0,0,0,0,0,0,0,0,1,0,0,0
r1_GGCATTACGCAA,0,0,0,0,1,0,0,0,0,0,0,0,0,0,0,0,0,0,0,0,0
r1_GGTCATATTCCT,0,0,0,0,0,1,0,0,0,0,0,0,0,0,0,0,0,0,0,0,0
r1_CTATATCCTGAG,0,0,0,0,0,0,0,0,0,0,0,0,0,0,0,0,1,0,0,0,0
r1_TAATGGAACCCT,0,0,1,0,0,0,0,0,0,0,0,0,0,0,0,0,0,0,0,0,0
r1_GACAAAGTGGTG,0,0,0,0,0,0,0,0,0,0,0,0,0,0,1,0,0,0,0,0,0
r1_AGTAGAGGATTA,0,0,0,0,0,1,0,0,0,0,0,0,0,0,0,0,0,0,0,0,0
r1_TGACCTTCTATT,0,0,0,0,0,0,0,0,0,0,0,0,0,0,1,0,0,0,0,0,0
r1_AGATACTCAACA,0,0,0,0,0,0,0,0,0,0,0,0,0,0,0,0,0,0,1,0,0
r1_GCACTTATAGCT,0,0,0,0,0,0,0,0,0,0,0,0,0,0,0,0,0,1,0,0,0
r1_CTGCCATTGTGC,0,0,0,0,0,0,0,0,0,0,0,0,0,1,0,0,0,0,0,0,0
r1_GTATCAAATCCA,0,0,0,0,0,0,0,0,0,0,0,0,0,0,0,1,0,0,0,0,0
r1_AGCTATTGCTCT,0,0,0,0,0,0,0,0,0,0,0,0,0,0,0,0,0,0,0,0,1
r1_ATTACACAGGAG,0,0,0,0,1,0,0,0,0,0,0,0,0,0,0,0,0,0,0,0,0
r1_GAATCCGGCTAA,0,0,0,0,0,0,0,0,1,0,0,0,0,0,0,0,0,0,0,0,0
r1_TCAAGTTAGAAA,0,0,0,0,0,0,0,0,0,0,1,0,0,0,0,0,0,0,0,0,0
r1_GTGCGAGACAGG,1,0,0,0,0,0,0,0,0,0,0,0,0,0,0,0,0,0,0,0,0
r1_AGGTCTCAAAGC,0,0,0,0,0,0,0,0,0,0,0,0,0,0,0,0,0,0,0,0,1
r1_TGCAAAATGATT,0,0,0,0,0,0,0,0,0,0,0,0,0,0,0,0,0,0,0,1,0
r1_TGCGGAGTGCGA,0,0,0,0,0,0,0,0,1,0,0,0,0,0,0,0,0,0,0,0,0
r1_ACCAATGTGGCG,0,0,0,0,0,0,0,0,0,1,0,0,0,0,0,0,0,0,0,0,0
r1_AAGGAGGTACCG,0,0,0,0,0,0,1,0,0,0,0,0,0,0,0,0,0,0,0,0,0
r1_TTCCATCCCACT,1,0,0,0,0,0,0,0,0,0,0,0,0,0,0,0,0,0,0,0,0
r1_TTGAACCGAAGT,0,0,0,0,1,0,0,0,0,0,0,0,0,0,0,0,0,0,0,0,0
r1_TGACAAGATTTT,0,0,0,0,0,0,0,0,0,1,0,0,0,0,0,0,0,0,0,0,0
r1_ATGTAATTCGAA,0,0,0,0,0,0,0,0,0,1,0,0,0,0,0,0,0,0,0,0,0
r1_TCCCTTAACTCT,0,0,0,0,0,0,0,0,0,0,0,0,0,1,0,0,0,0,0,0,0
r1_TCGTTGAGTGGA,0,0,0,0,0,0,0,0,0,0,0,0,0,0,0,0,0,0,1,0,0
r1_CGCATCTCGCTA,0,0,0,0,1,0,0,0,0,0,0,0,0,0,0,0,0,0,0,0,0
r1_CCGAGTAAGGGA,1,0,0,0,0,0,0,0,0,0,0,0,0,0,0,0,0,0,0,0,0
r1_GGTTGCTTACAT,1,0,0,0,0,0,0,0,0,0,0,0,0,0,0,0,0,0,0,0,0
r1_AAGGTCTGGCGC,0,0,0,0,0,0,0,0,0,0,0,0,0,1,0,0,0,0,0,0,0
r1_TCAGAATGTTTT,0,0,0,0,0,0,0,0,0,0,0,0,0,0,0,0,0,1,0,0,0
r1_TTACTCGATTTG,0,0,0,0,0,0,0,0,0,0,0,0,0,0,0,0,0,0,0,0,1
r1_CGAGTCGAGACA,0,0,0,0,0,0,0,0,0,0,0,0,0,0,0,0,0,0,0,0,1
r1_CTTAGAGACATA,0,0,0,0,0,0,0,0,0,0,0,0,0,0,0,1,0,0,0,0,0
r1_GTGAAGACTATG,0,0,0,0,0,0,0,0,0,0,0,0,0,0,0,0,0,0,0,0,1
r1_ACGACGTATCAG,0,0,0,1,0,0,0,0,0,0,0,0,0,0,0,0,0,0,0,0,0
r1_ATGACACTGGGA,0,0,1,0,0,0,0,0,0,0,0,0,0,0,0,0,0,0,0,0,0
r1_CCTGAGAATGTA,0,0,0,0,0,0,0,0,0,0,0,0,0,1,0,0,0,0,0,0,0
r1_CGCTTTGCTACC,0,0,0,0,0,0,0,0,0,0,0,0,0,0,1,0,0,0,0,0,0
r1_GCAGCGTGCTAC,0,0,0,0,0,0,0,0,0,0,0,0,0,0,0,0,0,1,0,0,0
r1_CGGGGGAATGCC,0,1,0,0,0,0,0,0,0,0,0,0,0,0,0,0,0,0,0,0,0
r1_GCGATTCTAGAC,0,0,0,0,0,0,0,0,0,0,0,0,0,0,0,0,0,0,1,0,0
r1_GTATTATGATTA,0,0,0,0,0,0,0,0,0,0,0,0,0,0,1,0,0,0,0,0,0
r1_ACCTAAAGAGGG,0,0,0,0,0,0,0,0,0,0,0,0,0,0,0,0,0,1,0,0,0
r1_TCGGGCTTTCCC,0,0,0,0,0,0,0,0,1,0,0,0,0,0,0,0,0,0,0,0,0
r1_TACCGTATTGAC,0,0,0,0,0,0,0,0,0,0,0,0,0,0,1,0,0,0,0,0,0
r1_TGTTACAAAAGA,0,0,0,0,0,0,0,0,0,0,0,0,0,0,1,0,0,0,0,0,0
r1_TTGTAGTTTGGA,0,0,0,0,0,0,0,0,0,0,0,0,0,0,0,0,0,0,0,0,1
r1_ATGCGGTGTTCT,0,0,0,0,0,0,0,0,0,0,0,0,0,0,0,0,0,0,1,0,0
r1_CGGGCCAAAGAC,0,0,0,0,0,0,1,0,0,0,0,0,0,0,0,0,0,0,0,0,0
r1_CGAGTGCGCAGC,0,0,1,0,0,0,0,0,0,0,0,0,0,0,0,0,0,0,0,0,0
r1_GACTGCCGAGAG,0,0,0,0,0,0,0,0,0,0,0,0,0,0,0,0,0,0,0,1,0
r1_GTGTCGATAAGT,1,0,0,0,0,0,0,0,0,0,0,0,0,0,0,0,0,0,0,0,0
r1_TTCCGTCGTCTC,0,1,0,0,0,0,0,0,0,0,0,0,0,0,0,0,0,0,0,0,0
r1_GACGTGCTCCAT,0,0,0,0,0,0,0,0,0,0,0,0,0,0,0,0,0,0,1,0,0
r1_GAGGAAATTCAA,0,0,0,0,0,0,1,0,0,0,0,0,0,0,0,0,0,0,0,0,0
r1_CGTACACTGCAA,0,0,0,0,0,0,0,0,0,0,0,0,0,0,0,0,1,0,0,0,0
r1_TCCGGGGGTAAT,1,0,0,0,0,0,0,0,0,0,0,0,0,0,0,0,0,0,0,0,0
r1_GATGTTCTTTTT,0,0,0,0,0,0,0,0,0,0,0,0,1,0,0,0,0,0,0,0,0
r1_GCAAACGAAGTG,0,0,0,0,0,0,0,0,0,0,0,0,0,0,0,0,0,0,0,1,0
r1_TCGCGTCTCCGA,0,0,1,0,0,0,0,0,0,0,0,0,0,0,0,0,0,0,0,0,0
r1_ACTGGGATAGTA,0,0,0,0,1,0,0,0,0,0,0,0,0,0,0,0,0,0,0,0,0
r1_CCATGGTGTTAC,0,0,0,0,0,0,0,1,0,0,0,0,0,0,0,0,0,0,0,0,0
r1_GACTATGCGCCG,0,0,0,0,0,0,0,0,0,0,0,0,0,0,0,0,0,1,0,0,0
r1_ACTTGGCGCTTC,0,0,0,0,0,0,0,0,0,0,0,0,0,0,0,0,0,0,1,0,0
r1_ATTTCTTTACCA,0,0,0,0,0,0,1,0,0,0,0,0,0,0,0,0,0,0,0,0,0
r1_ACAAGACCGGTG,0,0,0,0,0,0,0,0,0,0,0,0,0,0,0,0,0,1,0,0,0
r1_GACCGACTCAAT,0,0,0,0,0,0,0,0,0,0,0,0,0,0,0,0,0,1,0,0,0
r1_ACTGGGAGCTCG,0,0,0,0,0,0,0,0,0,0,0,0,0,0,0,0,0,0,0,1,0
r1_AACCAGTACGGA,0,0,0,0,0,0,0,0,1,0,0,0,0,0,0,0,0,0,0,0,0
r1_GTGGTCGTGGTG,0,0,0,0,0,0,1,0,0,0,0,0,0,0,0,0,0,0,0,0,0
r1_CCGCAAAATGGT,0,0,0,0,0,0,1,0,0,0,0,0,0,0,0,0,0,0,0,0,0
r1_CACATGCGAAAT,0,0,0,0,0,0,0,0,0,0,0,1,0,0,0,0,0,0,0,0,0
r1_TCAAAGGCTTAC,1,0,0,0,0,0,0,0,0,0,0,0,0,0,0,0,0,0,0,0,0
r1_ATACATCGCCGC,0,0,0,0,0,0,0,0,0,0,0,0,0,0,0,0,0,0,1,0,0
r1_GGGTTCTGTCGC,1,0,0,0,0,0,0,0,0,0,0,0,0,0,0,0,0,0,0,0,0
r1_GCGGCACCCGGC,0,0,0,0,0,0,0,0,0,1,0,0,0,0,0,0,0,0,0,0,0
r1_GTGTTGCAATAC,0,0,0,0,0,1,0,0,0,0,0,0,0,0,0,0,0,0,0,0,0
r1_GACACTGTAGCC,1,0,0,0,0,0,0,0,0,0,0,0,0,0,0,0,0,0,0,0,0
r1_GATCCTCTTTCT,0,0,0,0,0,0,0,0,0,1,0,0,0,0,0,0,0,0,0,0,0
r1_CCTTTAATCTCG,0,0,0,0,0,0,0,0,0,0,0,0,0,0,0,0,0,1,0,0,0
r1_TGTGACGTTAAC,0,0,0,0,0,0,0,0,0,1,0,0,0,0,0,0,0,0,0,0,0
r1_TTCTGGTATTGC,1,0,0,0,0,0,0,0,0,0,0,0,0,0,0,0,0,0,0,0,0
r1_ACATTTGTGGGA,1,0,0,0,0,0,0,0,0,0,0,0,0,0,0,0,0,0,0,0,0
r1_TCTATGCACACC,0,0,0,0,0,0,0,0,0,0,0,0,0,0,0,0,0,1,0,0,0
r1_GTCTGCGTAGAT,0,0,0,0,0,0,0,0,0,0,0,0,0,0,0,0,0,1,0,0,0
r1_AATTCTGTTATA,0,0,0,0,1,0,0,0,0,0,0,0,0,0,0,0,0,0,0,0,0
r1_CGAAGAGATAGA,0,0,0,0,0,0,0,0,0,0,0,0,0,0,0,0,0,0,0,0,1
r1_AACGGCATTCCC,0,0,0,0,0,0,0,0,1,0,0,0,0,0,0,0,0,0,0,0,0
r1_TCGCGTCTCCGC,0,0,1,0,0,0,0,0,0,0,0,0,0,0,0,0,0,0,0,0,0
r1_ATATGGGGCCAT,0,0,0,0,0,0,0,0,0,0,0,0,0,0,0,0,0,0,0,1,0
r1_GCCTAGTGTGGC,1,0,0,0,0,0,0,0,0,0,0,0,0,0,0,0,0,0,0,0,0
r1_GTTTGGCCGGTT,0,0,0,0,0,0,0,0,0,0,0,0,0,0,0,0,0,1,0,0,0
r1_CTTATCTATGGC,0,0,0,0,0,0,0,0,0,0,0,0,0,0,0,0,0,1,0,0,0
r1_GCGCACACATCC,0,0,0,0,0,0,0,0,0,0,0,0,0,0,0,0,0,1,0,0,0
r1_GACTCCTGGTAT,0,0,0,0,0,0,0,0,0,0,0,0,0,0,0,0,0,0,0,1,0
r1_GATGGCACCACT,0,0,0,0,0,0,0,0,0,0,0,0,0,1,0,0,0,0,0,0,0
r1_GGAGGACCTTGT,0,0,0,0,0,0,0,0,0,1,0,0,0,0,0,0,0,0,0,0,0
r1_GTCCTTGTTCGA,0,0,0,0,0,0,0,0,0,0,0,0,0,0,0,0,0,0,0,1,0
r1_CGGGACTATCAT,0,0,0,1,0,0,0,0,0,0,0,0,0,0,0,0,0,0,0,0,0
r1_TGATCACCACGG,0,0,0,0,0,0,0,0,0,0,0,0,0,0,1,0,0,0,0,0,0
r1_CTTCGGCGTCGC,0,0,0,0,0,0,0,0,1,0,0,0,0,0,0,0,0,0,0,0,0
r1_CACTACAGACAC,0,0,0,0,0,0,0,0,0,0,0,0,0,0,0,0,0,1,0,0,0
r1_TATGACCCCTGC,0,0,0,0,0,0,0,0,0,0,0,0,0,0,1,0,0,0,0,0,0
r1_TTAACACACTCG,1,0,0,0,0,0,0,0,0,0,0,0,0,0,0,0,0,0,0,0,0
r1_AAATTTTATGAT,1,0,0,0,0,0,0,0,0,0,0,0,0,0,0,0,0,0,0,0,0
r1_TACACTGGTGGG,0,0,0,0,0,0,0,0,0,0,0,0,0,0,1,0,0,0,0,0,0
r1_CACAACCTCACC,0,0,0,0,0,0,0,0,0,0,0,0,1,0,0,0,0,0,0,0,0
r1_AACTAAATCATA,0,0,0,0,0,0,0,0,0,0,0,0,0,0,0,0,0,0,1,0,0
r1_ACGGTTATCCGC,0,0,0,0,0,0,0,0,0,0,0,0,0,0,0,0,0,0,0,0,1
r1_GTTGGATATTGG,0,0,0,0,0,0,0,0,0,0,0,0,0,1,0,0,0,0,0,0,0
r1_GGCCTCGGCCAA,0,1,0,0,0,0,0,0,0,0,0,0,0,0,0,0,0,0,0,0,0
r1_AAAAGAGAGGAC,0,0,0,0,0,0,1,0,0,0,0,0,0,0,0,0,0,0,0,0,0
r1_GTTGGTGATGAT,0,0,0,0,0,0,0,1,0,0,0,0,0,0,0,0,0,0,0,0,0
r1_AATTAATTCCCG,0,0,0,0,0,0,0,0,0,0,0,0,0,0,0,0,0,0,1,0,0
r1_CGTATCCGATGT,0,0,0,0,0,0,0,0,0,0,0,0,0,0,0,0,0,0,0,0,1
r1_ACTGACCTCTCG,0,0,0,0,0,0,0,0,0,0,0,0,0,0,0,0,1,0,0,0,0
r1_AAGCCTGGCGGG,0,0,0,0,0,0,0,1,0,0,0,0,0,0,0,0,0,0,0,0,0
r1_TGATGGTGAGCT,0,0,0,0,0,0,0,0,0,1,0,0,0,0,0,0,0,0,0,0,0
r1_GCATTATATTCA,0,0,0,0,0,0,0,0,0,0,0,0,0,0,0,0,0,0,0,1,0
r1_CCCCCGGGCAGA,1,0,0,0,0,0,0,0,0,0,0,0,0,0,0,0,0,0,0,0,0
r1_ACTGACCTCTCT,0,0,0,0,0,0,0,0,0,0,0,0,0,0,0,0,0,0,0,1,0
r1_ACCGCGGGCCAG,0,0,0,0,0,0,0,0,0,0,0,0,0,0,0,0,0,1,0,0,0
r1_TAGCCAGTATCC,0,0,0,0,0,0,0,0,0,1,0,0,0,0,0,0,0,0,0,0,0
r1_AGCCCGTTCAGC,0,0,0,0,1,0,0,0,0,0,0,0,0,0,0,0,0,0,0,0,0
r1_GCAAACGAAGTT,0,0,0,0,0,0,0,0,0,0,0,0,0,0,0,0,0,0,0,1,0
r1_CCCGCGTATGTT,0,0,0,0,0,0,0,0,0,1,0,0,0,0,0,0,0,0,0,0,0
r1_TAACATACTTCG,0,0,0,0,0,0,0,0,0,0,0,0,0,0,0,0,0,1,0,0,0
r1_TAGCAAGGCCGT,0,0,0,0,0,0,0,0,0,0,0,0,0,0,0,0,0,1,0,0,0
r1_CCGTCAAGGTCG,0,0,0,0,0,0,1,0,0,0,0,0,0,0,0,0,0,0,0,0,0
r1_AAATGTCTGCTA,0,0,0,0,0,0,0,0,0,0,0,0,0,0,0,0,0,0,0,1,0
r1_TGGAGAGCCTTT,0,0,0,0,0,0,0,0,0,0,0,0,0,0,0,0,0,0,0,1,0
r1_ATCGGCAAAAAC,0,0,0,0,1,0,0,0,0,0,0,0,0,0,0,0,0,0,0,0,0
r1_CGATACTATTCG,0,0,0,0,0,0,0,0,0,0,0,0,0,0,0,0,0,1,0,0,0
r1_GTGTGATAGCAA,0,0,0,1,0,0,0,0,0,0,0,0,0,0,0,0,0,0,0,0,0
r1_CTAATGCGCAGG,0,0,0,0,0,0,0,0,0,0,0,0,0,0,0,0,0,0,1,0,0
r1_CTAATCTCCAGA,0,0,0,0,0,0,0,0,0,0,0,0,0,0,0,0,0,0,1,0,0
