,cluster_24,cluster_25,cluster_26,cluster_27,cluster_33,cluster_34
r1_TTCCTGCTAGGC,1,0,0,0,0,0
r1_TGGAGATACTCT,1,0,0,0,0,0
r1_CGTCTACATCCG,1,0,0,0,0,0
r1_CAAGCTTGGCGC,1,0,0,0,0,0
r1_ACTCACATAGAG,1,0,0,0,0,0
r1_TAACGGACACGC,1,0,0,0,0,0
r1_CGCATGGGATAC,1,0,0,0,0,0
r1_TAACGACGCTTG,1,0,0,0,0,0
r1_TCGGCAGCCTCT,1,0,0,0,0,0
r1_TAGGATGCAAAC,1,0,0,0,0,0
r1_CGGTTACAGTAG,1,0,0,0,0,0
r1_AATCGGATACGT,1,0,0,0,0,0
r1_AGTGGGCTTGAG,1,0,0,0,0,0
r1_TTCACCTACCGC,1,0,0,0,0,0
r1_TTATGTCGTCCT,1,0,0,0,0,0
r1_ATCAGCGCAGTC,1,0,0,0,0,0
r1_CTTTATGGTGAC,1,0,0,0,0,0
r1_GAATCGGGAACA,1,0,0,0,0,0
r1_GAAGTGATCACC,1,0,0,0,0,0
r1_AGTGGGCGGCCG,1,0,0,0,0,0
r1_ACTGATGATTAA,1,0,0,0,0,0
r1_CGCCCGTCTGTA,1,0,0,0,0,0
r1_GGGCTTGGGAAG,1,0,0,0,0,0
r1_TTAATGACTACA,1,0,0,0,0,0
r1_CGGCTGTCTGCT,1,0,0,0,0,0
r1_ATGATTATGGTT,1,0,0,0,0,0
r1_TTTACTTCAAGG,1,0,0,0,0,0
r1_ATGGCTCGCAAA,1,0,0,0,0,0
r1_CGATGGCTGGAC,1,0,0,0,0,0
r1_GCGTGCTACTAC,1,0,0,0,0,0
r1_GGTAAGGCGCTC,1,0,0,0,0,0
r1_GCAACTGAGTGA,1,0,0,0,0,0
r1_ACGGAGTGGTAT,1,0,0,0,0,0
r1_TGTAGGAGAATC,1,0,0,0,0,0
r1_CCTTCCTTACCA,1,0,0,0,0,0
r1_CCTCATAGCGGC,1,0,0,0,0,0
r1_AGTATAGAATCG,1,0,0,0,0,0
r1_CTGGTTCGGACG,1,0,0,0,0,0
r1_TGCTCGTCCGTT,1,0,0,0,0,0
r1_CGGCATGTGCTA,1,0,0,0,0,0
r1_ATTGTACAGTCG,1,0,0,0,0,0
r1_AGTTATGGTCCC,1,0,0,0,0,0
r1_TCTATCTTCAGG,1,0,0,0,0,0
r1_AGTACATTATGT,1,0,0,0,0,0
r1_CATATACTATAC,1,0,0,0,0,0
r1_ATCATCTTCATG,1,0,0,0,0,0
r1_CGAGAAGTGGAC,1,0,0,0,0,0
r1_AGTACGTGGGGT,1,0,0,0,0,0
r1_CGCCTATGTCGT,1,0,0,0,0,0
r1_AAAAGCTTACAA,1,0,0,0,0,0
r1_GAGCCCGTGAAT,0,1,0,0,0,0
r1_GCAAACGTTTTG,0,1,0,0,0,0
r1_CCTTACGACGAC,0,1,0,0,0,0
r1_AAGTTGTGGGCC,0,1,0,0,0,0
r1_CAACTGTTACCC,0,1,0,0,0,0
r1_ATGTAAAAACGC,0,1,0,0,0,0
r1_TTCTTTTTTCAA,0,1,0,0,0,0
r1_CCTGTACTTCAA,0,1,0,0,0,0
r1_CCTAGTAGTGGT,0,1,0,0,0,0
r1_CCAAATGGTAGG,0,1,0,0,0,0
r1_ATGTATATTCCA,0,1,0,0,0,0
r1_CCAGAATTCTGG,0,1,0,0,0,0
r1_CGGGCAGACCCG,0,1,0,0,0,0
r1_GGTTGTGCAAAC,0,1,0,0,0,0
r1_GTTTTCGGCTTT,0,1,0,0,0,0
r1_CCCAGGTGTTTA,0,1,0,0,0,0
r1_AGAGCCCGCGCC,0,1,0,0,0,0
r1_TGTGTACGCGTA,0,1,0,0,0,0
r1_CCATCTAGGTCG,0,1,0,0,0,0
r1_TATTCGCACGCT,0,1,0,0,0,0
r1_CGTCTCATTGGC,0,1,0,0,0,0
r1_TAACTAGTCCGG,0,1,0,0,0,0
r1_CCCAACAACTAG,0,1,0,0,0,0
r1_TCTGGGGCGGCC,0,1,0,0,0,0
r1_TCCTTGCCATAG,0,1,0,0,0,0
r1_CCCGAATGATTA,0,1,0,0,0,0
r1_GCTATAACGAGC,0,1,0,0,0,0
r1_TTCTTATTTCAA,0,1,0,0,0,0
r1_GGGATCTCCTCG,0,1,0,0,0,0
r1_ATCTGCACACCT,0,1,0,0,0,0
r1_GTGCGCGTATTA,0,1,0,0,0,0
r1_TTCCACCAACCT,0,1,0,0,0,0
r1_AAGATTAGAACT,0,1,0,0,0,0
r1_TGTTTTGATTTG,0,1,0,0,0,0
r1_GACTTTCGTGAG,0,1,0,0,0,0
r1_CAGAATCGTCGG,0,1,0,0,0,0
r1_AATCGGTGACTA,0,1,0,0,0,0
r1_AACCCGTAGTTA,0,1,0,0,0,0
r1_CCTAAGGACCAA,0,1,0,0,0,0
r1_TGGGACTGCGGT,0,1,0,0,0,0
r1_GTTCCGATATGT,0,1,0,0,0,0
r1_GGTAGAATTAGC,0,1,0,0,0,0
r1_GTTGCGCTTTGG,0,1,0,0,0,0
r1_TGGTCGCTCGGA,0,1,0,0,0,0
r1_ACGGATGCTTCC,0,1,0,0,0,0
r1_AGGCCTCATGGT,0,1,0,0,0,0
r1_CAACTTGGGCCA,0,1,0,0,0,0
r1_GGTCTCCGATTT,0,1,0,0,0,0
r1_ACTCGCCCAACG,0,1,0,0,0,0
r1_CCGCTGATGTAA,0,1,0,0,0,0
r1_TGAATCTCCGCG,0,0,1,0,0,0
r1_GATTTGCTGCAT,0,0,1,0,0,0
r1_CATCCCTTCGAC,0,0,1,0,0,0
r1_AAATCATCTACA,0,0,1,0,0,0
r1_GGACCTAGTGAG,0,0,1,0,0,0
r1_CGATATCGCGTG,0,0,1,0,0,0
r1_TCACGGCAATAT,0,0,1,0,0,0
r1_GTCCCCCTCTTA,0,0,1,0,0,0
r1_CATTATTTTTAC,0,0,1,0,0,0
r1_CACTACAGCGAG,0,0,1,0,0,0
r1_ACGACGGCTGCA,0,0,1,0,0,0
r1_ACATCACTACGT,0,0,1,0,0,0
r1_GAATATATCAGA,0,0,1,0,0,0
r1_TCCTGCTACGAT,0,0,1,0,0,0
r1_GTCATCCAAGTA,0,0,1,0,0,0
r1_GTAGCTGGATCC,0,0,1,0,0,0
r1_TAATCGCGCCAA,0,0,1,0,0,0
r1_CGAGCCCTATGC,0,0,1,0,0,0
r1_CTGACCGACTTC,0,0,1,0,0,0
r1_GACTTTAAAGAA,0,0,1,0,0,0
r1_CGCGCATGTGCG,0,0,1,0,0,0
r1_TATGCGTTAATG,0,0,1,0,0,0
r1_AGTTAACATAGC,0,0,1,0,0,0
r1_GTGAAACTTCTG,0,0,1,0,0,0
r1_GGCGCTAGCGGG,0,0,1,0,0,0
r1_GTTGAATCCCTG,0,0,1,0,0,0
r1_TGTGACGCGTGC,0,0,1,0,0,0
r1_GAGGACTGGTGG,0,0,1,0,0,0
r1_AGATACTGAGAG,0,0,1,0,0,0
r1_ACCGTTATGGGT,0,0,1,0,0,0
r1_GTCCACATACCC,0,0,1,0,0,0
r1_TGAGAAAACTTT,0,0,1,0,0,0
r1_GCACCAGCCTGT,0,0,1,0,0,0
r1_AGAATCTCATTT,0,0,1,0,0,0
r1_GTTTTGCATTCG,0,0,1,0,0,0
r1_GATCGTCATTTG,0,0,1,0,0,0
r1_CTGAATATTTAC,0,0,1,0,0,0
r1_GACGCGGTCATA,0,0,1,0,0,0
r1_GAATTAGGCGGT,0,0,1,0,0,0
r1_TAAAAGGTGGAC,0,0,1,0,0,0
r1_CCTGTCAGTCTT,0,0,1,0,0,0
r1_ACCTTACCTTGG,0,0,1,0,0,0
r1_TGGTGATGACAT,0,0,1,0,0,0
r1_CGGGCTTGCATC,0,0,1,0,0,0
r1_GACCCACTGGGC,0,0,1,0,0,0
r1_TCAACAGCAATG,0,0,1,0,0,0
r1_GCCGATTAGGAG,0,0,1,0,0,0
r1_TGCCGAGTAGCA,0,0,1,0,0,0
r1_AGATGCATGAGA,0,0,1,0,0,0
r1_TCTAAGTTCTGA,0,0,1,0,0,0
r1_TACCACTCCCAA,0,0,0,1,0,0
r1_GTGGTATCTGCA,0,0,0,1,0,0
r1_TAATTGATAACC,0,0,0,1,0,0
r1_TTAGCCATTATA,0,0,0,1,0,0
r1_CCAATCGCTCTT,0,0,0,1,0,0
r1_CTGGGTTTGGAG,0,0,0,1,0,0
r1_TACCCATGCTGG,0,0,0,1,0,0
r1_CGAAGTATACCG,0,0,0,1,0,0
r1_TTCAGGTTTCAT,0,0,0,1,0,0
r1_GACTAACAACCT,0,0,0,1,0,0
r1_GTAGAGGGACGC,0,0,0,1,0,0
r1_ACGTACATACGG,0,0,0,1,0,0
r1_TCCTATGTTTAT,0,0,0,1,0,0
r1_AGCTTGGTATCT,0,0,0,1,0,0
r1_TCCGACAGTGTT,0,0,0,1,0,0
r1_GTCGCGTACGCA,0,0,0,1,0,0
r1_GCGCTGTTGCGA,0,0,0,1,0,0
r1_GCGCACAATCCC,0,0,0,1,0,0
r1_TGCCGGCTCGGA,0,0,0,1,0,0
r1_TTTGTCTCACGA,0,0,0,1,0,0
r1_CCTGACTCGGGT,0,0,0,1,0,0
r1_TCTATCAGCCTG,0,0,0,1,0,0
r1_CTTAAAGTCCGC,0,0,0,1,0,0
r1_AACTCATCCAAG,0,0,0,1,0,0
r1_GCATAGTGGTTA,0,0,0,1,0,0
r1_CAAATGTAGTAC,0,0,0,1,0,0
r1_CGAGACAGACCC,0,0,0,1,0,0
r1_CGAAGGTGTTAC,0,0,0,1,0,0
r1_GAACTTGACTCA,0,0,0,1,0,0
r1_GTGACTTGGCCT,0,0,0,1,0,0
r1_TAGATTATTCAT,0,0,0,1,0,0
r1_ATACTGATAGTC,0,0,0,1,0,0
r1_ACGCTGTAATTC,0,0,0,1,0,0
r1_ATACTGCGATGT,0,0,0,1,0,0
r1_GAATCGCCTCCG,0,0,0,1,0,0
r1_TGAGGACCCTGA,0,0,0,1,0,0
r1_TGATTCATCCTC,0,0,0,1,0,0
r1_AGAGGATTACGA,0,0,0,1,0,0
r1_GGCACCTATAGA,0,0,0,1,0,0
r1_GATTAATAAGCT,0,0,0,1,0,0
r1_AGAGATCGACTT,0,0,0,1,0,0
r1_ATCAACAGGCGC,0,0,0,1,0,0
r1_ACTAGTAGGGCG,0,0,0,1,0,0
r1_GGAGAGAGGTAT,0,0,0,1,0,0
r1_CCTGCATGGTGA,0,0,0,1,0,0
r1_TCATGCCGTTTT,0,0,0,1,0,0
r1_TGGCAGATTTCC,0,0,0,1,0,0
r1_CGAATCGAGTTT,0,0,0,1,0,0
r1_CGTCTTACTCTC,0,0,0,1,0,0
r1_TAGCAGGCACCG,0,0,0,1,0,0
r1_AAACATTGATGA,0,0,0,0,1,0
r1_ACTGTAGTGGAC,0,0,0,0,1,0
r1_TAGAGGTATGAG,0,0,0,0,1,0
r1_TCTTCATCACAA,0,0,0,0,1,0
r1_GAATGCAGTTCT,0,0,0,0,1,0
r1_AGAATTGCTTTA,0,0,0,0,1,0
r1_CAAGAGCTAAAC,0,0,0,0,1,0
r1_AATATATCACCG,0,0,0,0,1,0
r1_GTGCACTCCGAT,0,0,0,0,1,0
r1_AAATGCGCCAAC,0,0,0,0,1,0
r1_TATGGTAGCGCG,0,0,0,0,1,0
r1_ATATGAGTAGAT,0,0,0,0,1,0
r1_TAATGCGAGCAC,0,0,0,0,1,0
r1_GAATCGCCTTTA,0,0,0,0,1,0
r1_GAACCTACTTAT,0,0,0,0,1,0
r1_AATTCGTTAGGT,0,0,0,0,1,0
r1_TACCCCGTTAGT,0,0,0,0,1,0
r1_TCCAGTTGAATT,0,0,0,0,1,0
r1_CAGTCATACAAG,0,0,0,0,1,0
r1_GGTCTTCTACGG,0,0,0,0,1,0
r1_GTCCGCAACAAC,0,0,0,0,1,0
r1_CTTTTGACAGCC,0,0,0,0,1,0
r1_CGCCCTACTCTA,0,0,0,0,1,0
r1_ATATCGGAAGTG,0,0,0,0,1,0
r1_ATAATTTGGGCG,0,0,0,0,1,0
r1_TGAAACTTGTTT,0,0,0,0,1,0
r1_CCCTAGATTTTC,0,0,0,0,1,0
r1_GCGCCTTTCAAC,0,0,0,0,1,0
r1_GTTGTCTATGGT,0,0,0,0,1,0
r1_TATGACCTGAGC,0,0,0,0,1,0
r1_AAGTATTATGTT,0,0,0,0,1,0
r1_TACCATGTGTAC,0,0,0,0,1,0
r1_ACGCTTGCCCTG,0,0,0,0,1,0
r1_TGCTAGGGAACC,0,0,0,0,1,0
r1_CACACTCCGTCG,0,0,0,0,1,0
r1_CTTACTATTGGT,0,0,0,0,1,0
r1_CACTCAGAGTTG,0,0,0,0,1,0
r1_TAACAACTCCTA,0,0,0,0,1,0
r1_CCGGAGTCCATA,0,0,0,0,1,0
r1_CCGTGGGAACTA,0,0,0,0,1,0
r1_GGGCCCTGGATT,0,0,0,0,1,0
r1_GATTTCAGGCCG,0,0,0,0,1,0
r1_CGGGAGGACTTC,0,0,0,0,1,0
r1_GGAGTTAGCGTT,0,0,0,0,1,0
r1_AGTAATCAGCAT,0,0,0,0,1,0
r1_CCAAGGGCTCTT,0,0,0,0,1,0
r1_GATTATCGAGGG,0,0,0,0,1,0
r1_TGCAAGATAAAG,0,0,0,0,1,0
r1_AAGTTTTCATGC,0,0,0,0,1,0
r1_CACTGCTTGATA,0,0,0,0,1,0
r1_GGTGGGCCTAAT,0,0,0,0,0,1
r1_GCCGTATTAAGA,0,0,0,0,0,1
r1_AGACTTTCCCGG,0,0,0,0,0,1
r1_TAACTCGATGCG,0,0,0,0,0,1
r1_GTAATCCCCCAG,0,0,0,0,0,1
r1_TCCCTCATCTCA,0,0,0,0,0,1
r1_ATCTTGATTAAT,0,0,0,0,0,1
r1_TCAAAAGTTGTC,0,0,0,0,0,1
r1_AAGGTATTTCCG,0,0,0,0,0,1
r1_AGCAATATCAAT,0,0,0,0,0,1
r1_TGCTAGTTTCAC,0,0,0,0,0,1
r1_GTAATCCCCCAT,0,0,0,0,0,1
r1_AGAATGGCGCAG,0,0,0,0,0,1
r1_GAGGCTAGCTGT,0,0,0,0,0,1
r1_TAATACAGGATT,0,0,0,0,0,1
r1_TTGGTCCTAAGA,0,0,0,0,0,1
r1_ATGACATGCGTC,0,0,0,0,0,1
r1_CGCAACTTACTC,0,0,0,0,0,1
r1_TGTTCTCCTTTC,0,0,0,0,0,1
r1_GTGAAAGGATTA,0,0,0,0,0,1
r1_CGAAACTATCGC,0,0,0,0,0,1
r1_CCCCTCTCTGGC,0,0,0,0,0,1
r1_ATCAATATTCTC,0,0,0,0,0,1
r1_TCTCTGTGACGC,0,0,0,0,0,1
r1_GGCGGACTGCGT,0,0,0,0,0,1
r1_GAAGAGTATCTT,0,0,0,0,0,1
r1_GTTACACGAGTC,0,0,0,0,0,1
r1_CATTGGTCTCAC,0,0,0,0,0,1
r1_TATACTAAGTTT,0,0,0,0,0,1
r1_AGATCATCGTCC,0,0,0,0,0,1
r1_CGGATTTACACT,0,0,0,0,0,1
r1_TATAGGAACAAA,0,0,0,0,0,1
r1_ACCATGTTGGGA,0,0,0,0,0,1
r1_TCAAAGATAGGG,0,0,0,0,0,1
r1_TTTATATTTGGG,0,0,0,0,0,1
r1_CACACCGCGTAG,0,0,0,0,0,1
r1_GCTCGGTTAGTT,0,0,0,0,0,1
r1_TAGAGGCCTATA,0,0,0,0,0,1
r1_TATAAAAAATTT,0,0,0,0,0,1
r1_TCTAATATTCGC,0,0,0,0,0,1
r1_AGGGTGGGTACA,0,0,0,0,0,1
r1_AATGCTGCAAGA,0,0,0,0,0,1
r1_GTCGGGCCTTTC,0,0,0,0,0,1
r1_GGGTCAGCGGCG,0,0,0,0,0,1
r1_CTGGACCTGCCC,0,0,0,0,0,1
r1_AAGATATTGCTG,0,0,0,0,0,1
r1_GAGACCTCATGG,0,0,0,0,0,1
r1_CGGAGCGCGACA,0,0,0,0,0,1
r1_AAGGACAGATCC,0,0,0,0,0,1
r1_ATATGCACCCTA,0,0,0,0,0,1
